from	to
C0046056	N0000000205
C4550366	N0000187062
C4550366	N0000193936
C4550366	N0000191423
C4550366	N0000182139
C4550366	N0000182141
C4550366	N0000187061
C4550366	N0000193984
C4550366	N0000190115
C4550366	N0000020025
C4550366	N0000182632
C4550366	N0000009957
C4550366	N0000185503
C0006246	N0000000190
C0085272	N0000175654
C0085272	N0000000255
C0012695	N0000000087
C0012695	N0000175962
C0012695	N0000175089
C0002555	N0000175921
C0002555	N0000175080
C0002555	N0000000162
C0085173	N0000000190
C0754647	N0000000256
C0754647	N0000175763
C0754647	N0000175764
C0016296	N0000000118
C0016296	N0000000196
C0008273	N0000181005
C2587184	N0000000231
C2001856	N0000175075
C0754011	N0000182632
C0754011	N0000187062
C0754011	N0000182137
C0073633	N0000182137
C0073633	N0000187061
C0073633	N0000190114
C0073633	N0000185503
C0002598	N0000181004
C0002598	N0000185503
C0002598	N0000190114
C0002598	N0000000211
C0002598	N0000185504
C0002598	N0000000161
C0002598	N0000000069
C0002598	N0000182138
C0002598	N0000182137
C4482908	N0000000150
C4482908	N0000190114
C4482908	N0000182141
C0296800	N0000000190
C3179547	N0000191494
C0060304	N0000182140
C0060304	N0000182139
C0060304	N0000182141
C0060304	N0000187061
C0060304	N0000190115
C0060304	N0000182138
C0060304	N0000187064
C0060304	N0000190111
C0060304	N0000190107
C0060304	N0000190108
C0060304	N0000193932
C0060304	N0000190110
C0060304	N0000191266
C0060304	N0000182137
C0060304	N0000191423
C4053698	N0000193932
C4053698	N0000190113
C4053698	N0000182138
C4053698	N0000193929
C4053698	N0000191423
C4053698	N0000175082
C4053698	N0000185503
C0035629	N0000175542
C0035629	N0000000193
C1738934	N0000190115
C1738934	N0000182638
C1738934	N0000182141
C0053570	N0000009957
C0053570	N0000182136
C4733494	N0000191499
C4733494	N0000191498
C3529928	N0000185506
C3529928	N0000194051
C3529928	N0000181003
C0011812	N0000000114
C0011812	N0000000184
C0011812	N0000000102
C0172907	N0000009957
C0146011	N0000009918
C0002435	N0000010215
C0029983	N0000000231
C0029983	N0000010215
C0041345	N0000175718
C0041345	N0000175703
C0524959	N0000000205
C0524959	N0000000085
C0003968	N0000000163
C0003968	N0000000170
C0073992	N0000009922
C1120110	N0000175899
C1120110	N0000000181
C3661282	N0000000090
C3661282	N0000000109
C0018033	N0000009915
C0012258	N0000000133
C0012258	N0000000238
C0035661	N0000009922
C0248719	N0000000070
C0248719	N0000180999
C1456409	N0000185503
C1456409	N0000185504
C1456409	N0000182140
C1456409	N0000190118
C1456409	N0000009948
C0054340	N0000000190
C0028156	N0000010255
C0028156	N0000000133
C0009033	N0000000118
C0009033	N0000000196
C0072973	N0000000181
C3501358	N0000175076
C0033126	N0000009915
C0114771	N0000000211
C1619629	N0000000144
C1619629	N0000187062
C1619629	N0000185506
C1619629	N0000182138
C0028351	N0000000209
C0028351	N0000009921
C0209210	N0000000090
C0209210	N0000175817
C0025810	N0000000102
C0025810	N0000000114
C1527027	N0000187061
C1527027	N0000175071
C1527027	N0000190110
C1527027	N0000193845
C1527027	N0000190107
C1527027	N0000190108
C0766326	N0000009915
C0063757	N0000010258
C0063757	N0000010257
C0754188	N0000191264
C0754188	N0000000246
C0754188	N0000182141
C0754188	N0000185506
C0040778	N0000000184
C4746084	N0000193865
C4746084	N0000175614
C0145185	N0000194046
C3658667	N0000193986
C0002334	N0000009924
C0002334	N0000009923
C1144403	N0000185504
C1144403	N0000185506
C1144403	N0000010215
C1144403	N0000191267
C1144403	N0000182140
C1144403	N0000000150
C0040372	N0000000225
C2987648	N0000020001
C2987648	N0000175076
C3529352	N0000191730
C0038670	N0000009946
C0360172	N0000175370
C4726732	N0000010226
C4726732	N0000190478
C0009079	N0000000130
C0009079	N0000000125
C0009079	N0000000230
C0009079	N0000000099
C0009079	N0000000190
C0140594	N0000000159
C0140594	N0000000134
C0140594	N0000175450
C2698152	N0000020028
C2698152	N0000000254
C0009008	N0000000168
C0025242	N0000020015
C0009053	N0000000231
C1135135	N0000175076
C1135135	N0000020010
C0032838	N0000009915
C4058811	N0000191266
C4058811	N0000175082
C4058811	N0000190114
C4058811	N0000190113
C4058811	N0000185506
C4058811	N0000175076
C4049146	N0000175076
C4049146	N0000175082
C4283710	N0000000150
C4283710	N0000000233
C0126174	N0000000070
C0126174	N0000180999
C0982156	N0000000231
C3814772	N0000000125
C3814772	N0000175370
C0021734	N0000000247
C0031507	N0000187064
C0031507	N0000190118
C0031507	N0000000180
C0031507	N0000187063
C0031507	N0000185607
C0031507	N0000191267
C0031507	N0000191266
C0031507	N0000185507
C0052865	N0000010215
C0052865	N0000009949
C0012289	N0000000130
C0012289	N0000000209
C0011705	N0000000159
C0011705	N0000175450
C0011705	N0000000134
C0768182	N0000175078
C0768182	N0000009949
C4731737	N0000000178
C2975435	N0000175635
C0002711	N0000000120
C0139919	N0000000151
C1611934	N0000175912
C4080053	N0000190114
C4080053	N0000182638
C4080053	N0000190113
C0009073	N0000000196
C0009073	N0000000116
C0006976	N0000000133
C0649350	N0000000177
C0137996	N0000009986
C0137996	N0000000220
C2744850	N0000190113
C2744850	N0000000150
C0015772	N0000000069
C0015772	N0000020065
C0034239	N0000009915
C0026056	N0000000118
C0026056	N0000000196
C4726765	N0000000114
C4726765	N0000000102
C0018513	N0000175450
C0018513	N0000000159
C0018513	N0000000134
C1831828	N0000000082
C0014704	N0000000130
C0014704	N0000000209
C0935989	N0000182141
C0935989	N0000175076
C0935989	N0000020009
C0935989	N0000182137
C0002333	N0000000196
C0002333	N0000000118
C1831905	N0000191272
C1831905	N0000191274
C1831905	N0000191276
C1831905	N0000190113
C1831905	N0000191278
C1831905	N0000191273
C1831905	N0000175968
C1831905	N0000191277
C1831905	N0000190107
C1831905	N0000191275
C0003143	N0000000190
C0005116	N0000000069
C0005116	N0000000180
C0048470	N0000000107
C0048470	N0000009963
C3467876	N0000175411
C3467876	N0000190110
C3467876	N0000185607
C3467876	N0000190113
C3467876	N0000185506
C3467876	N0000175076
C3467876	N0000187063
C3467876	N0000187064
C3467876	N0000190111
C3467876	N0000190107
C3467876	N0000190108
C3467876	N0000185507
C4507514	N0000193974
C4507514	N0000175441
C4507514	N0000182141
C0043339	N0000009915
C0012291	N0000000130
C0012291	N0000000209
C0012291	N0000190114
C0012291	N0000000099
C0007556	N0000010215
C0020789	N0000000176
C0020789	N0000020088
C0009077	N0000010215
C0527316	N0000000177
C0008188	N0000000196
C0008188	N0000000118
C0012132	N0000009947
C4045494	N0000190114
C4045494	N0000175076
C4045494	N0000175082
C0015620	N0000000151
C0937917	N0000000106
C0210657	N0000000191
C0210657	N0000000111
C0210657	N0000000098
C0210657	N0000000150
C0024056	N0000000130
C0024056	N0000000230
C4524703	N0000010226
C4524703	N0000194031
C0069717	N0000000233
C0069717	N0000000065
C0064906	N0000175654
C0064906	N0000000149
C0041041	N0000187062
C0041041	N0000000111
C0041041	N0000187061
C0041041	N0000000191
C0007545	N0000010215
C0004475	N0000019995
C0004475	N0000175074
C0004475	N0000000233
C0108121	N0000020074
C0108121	N0000000220
C0069632	N0000175718
C0069632	N0000175703
C0360534	N0000000134
C0360534	N0000175450
C0360534	N0000000159
C3489575	N0000009915
C0164815	N0000020060
C0164815	N0000000233
C0040864	N0000000134
C0040864	N0000175450
C0040864	N0000000159
C0025853	N0000000230
C0025853	N0000175799
C5139666	N0000191498
C5139666	N0000193994
C5139666	N0000000152
C5139666	N0000175618
C5139666	N0000175617
C0206232	N0000000169
C0206232	N0000175635
C0206232	N0000000107
C1876229	N0000182638
C1876229	N0000190107
C1876229	N0000190114
C1876229	N0000190109
C1876229	N0000185503
C0052796	N0000000150
C4329353	N0000000074
C4329353	N0000000243
C0040018	N0000009915
C0054249	N0000020014
C0054249	N0000000196
C0054249	N0000000118
C0908935	N0000000190
C0058415	N0000000209
C0058415	N0000000122
C0058415	N0000009921
C0058415	N0000009922
C0001655	N0000000165
C2980094	N0000175076
C2980094	N0000175082
C2980094	N0000191272
C2980094	N0000185504
C2980094	N0000190113
C2980094	N0000191278
C0041236	N0000009915
C0038689	N0000009946
C0038689	N0000185504
C1832021	N0000187061
C1832021	N0000185503
C1832021	N0000182141
C2983945	N0000020086
C2983945	N0000020087
C4287804	N0000191272
C4287804	N0000020036
C4287804	N0000182139
C4287804	N0000020001
C4287804	N0000190118
C4287804	N0000175082
C0246421	N0000175080
C0246421	N0000000133
C0006491	N0000175686
C0006491	N0000175685
C0006491	N0000000154
C0006491	N0000000174
C0070093	N0000000149
C0171023	N0000000230
C0171023	N0000000099
C0171023	N0000000161
C0171023	N0000000190
C0171023	N0000000130
C0171023	N0000000125
C0171023	N0000000074
C2366367	N0000184151
C2366367	N0000000169
C0008809	N0000182138
C0008809	N0000020087
C0008809	N0000020086
C0012381	N0000000190
C1566826	N0000009948
C4330903	N0000182137
C4330903	N0000182141
C4330903	N0000182138
C4330903	N0000193936
C4330903	N0000182140
C4330903	N0000175921
C4330903	N0000190115
C4330903	N0000182136
C0300205	N0000191262
C0022625	N0000190115
C0022625	N0000020025
C0022625	N0000185503
C0022625	N0000182141
C0022625	N0000009957
C0005013	N0000000230
C4524320	N0000175082
C4524320	N0000193932
C4524320	N0000193922
C4524320	N0000191423
C4524320	N0000187061
C4524320	N0000193921
C0028735	N0000000245
C0028735	N0000000069
C3659310	N0000193914
C3659310	N0000000133
C0042665	N0000182139
C0042665	N0000182141
C0042665	N0000182138
C0042665	N0000000102
C0042665	N0000182137
C2607479	N0000020058
C0016360	N0000000098
C0016360	N0000000233
C0016360	N0000175074
C0016277	N0000185504
C0016277	N0000182141
C0016277	N0000182140
C0016277	N0000020025
C1699926	N0000181815
C3709760	N0000000231
C3657270	N0000191259
C3886460	N0000000215
C3886460	N0000175968
C0304987	N0000000205
C4287815	N0000190118
C4287815	N0000020001
C4287815	N0000175076
C0284941	N0000000118
C0284941	N0000020015
C0025643	N0000010215
C0966107	N0000193179
C0966107	N0000182141
C0966107	N0000193178
C0966107	N0000190114
C0966107	N0000020044
C1698893	N0000175862
C0069739	N0000000160
C0015043	N0000000133
C0015043	N0000009915
C0380393	N0000000190
C0380393	N0000000230
C0380393	N0000000099
C0380393	N0000000130
C1871526	N0000000127
C0009010	N0000000109
C0009010	N0000000102
C0393080	N0000182140
C0393080	N0000020025
C0393080	N0000185504
C0393080	N0000182141
C0037494	N0000000220
C0037494	N0000000226
C1098510	N0000175635
C1098510	N0000000107
C0092777	N0000175082
C0092777	N0000000233
C0092777	N0000175074
C0040233	N0000000161
C0040233	N0000009924
C0040233	N0000009923
C2983948	N0000000205
C2714632	N0000190118
C2714632	N0000175084
C2714632	N0000185503
C2714632	N0000182140
C3896940	N0000020000
C0025380	N0000000122
C0028040	N0000000143
C0028040	N0000175701
C0175158	N0000000102
C0175158	N0000178333
C0004905	N0000175450
C0004905	N0000000159
C0042523	N0000185503
C0042523	N0000190114
C0042523	N0000000069
C0042523	N0000182141
C0042523	N0000020065
C0011816	N0000000109
C0011816	N0000182147
C0011816	N0000181819
C1134659	N0000193542
C0030969	N0000000230
C0206049	N0000175703
C0206049	N0000175718
C0012125	N0000175370
C0012125	N0000000125
C0016299	N0000175450
C0016299	N0000000159
C0016299	N0000000134
C0014963	N0000181006
C0292818	N0000190114
C0292818	N0000185607
C0292818	N0000182137
C0292818	N0000000246
C0292818	N0000182141
C0292818	N0000191266
C0292818	N0000190117
C0292818	N0000185507
C0292818	N0000187064
C0292818	N0000190113
C0292818	N0000190118
C0292818	N0000185503
C2935436	N0000020008
C5392453	N0000184151
C5392453	N0000185503
C5392453	N0000182137
C5392453	N0000182141
C0025382	N0000182140
C0025382	N0000000105
C0108111	N0000020074
C0108111	N0000000226
C0108111	N0000000220
C5226639	N0000185607
C5226639	N0000187063
C5226639	N0000187064
C5226639	N0000194009
C5226639	N0000190118
C5226639	N0000185507
C5226639	N0000185503
C5226639	N0000194036
C2718773	N0000175709
C0086160	N0000000130
C0086160	N0000000209
C0086160	N0000000117
C0053230	N0000009915
C0006863	N0000182140
C0006863	N0000182139
C0006863	N0000187064
C0006863	N0000187062
C0006863	N0000191273
C0006863	N0000000256
C0006863	N0000185504
C0006863	N0000191278
C0006863	N0000181009
C0006863	N0000182138
C0036516	N0000000251
C0036516	N0000000118
C3886073	N0000192340
C0078643	N0000009917
C0078643	N0000009918
C0078643	N0000009921
C0078643	N0000009922
C0010934	N0000000150
C0010934	N0000000233
C1313052	N0000000250
C0671970	N0000000233
C0671970	N0000175074
C0671970	N0000000098
C0058056	N0000175684
C0013136	N0000000230
C0013136	N0000175799
C1831796	N0000020030
C1831796	N0000187062
C1831796	N0000182137
C1831796	N0000020007
C1831796	N0000175076
C1831796	N0000182141
C0246269	N0000182964
C3642427	N0000000150
C0055711	N0000000150
C0304612	N0000000159
C0304612	N0000175450
C0216660	N0000175436
C3177235	N0000182137
C3177235	N0000191423
C3177235	N0000190107
C3177235	N0000190108
C3177235	N0000190114
C3177235	N0000190113
C3177235	N0000185503
C0012133	N0000009947
C0052429	N0000000150
C0052429	N0000000233
C3253985	N0000187061
C3253985	N0000000127
C3253985	N0000191423
C5235396	N0000191423
C5235396	N0000193947
C5235396	N0000190113
C5235396	N0000175082
C5235396	N0000185503
C5235396	N0000187062
C5235396	N0000190114
C0033229	N0000000230
C0011786	N0000000109
C0011786	N0000000256
C0149368	N0000000163
C0149368	N0000000220
C0149368	N0000000226
C2353893	N0000000247
C2353893	N0000175451
C2353893	N0000175446
C0031495	N0000000209
C0002403	N0000175542
C0002403	N0000000193
C0002403	N0000000203
C0002644	N0000000102
C0002644	N0000000109
C0002644	N0000000230
C0001962	N0000000196
C0001962	N0000000105
C0026259	N0000000176
C0020336	N0000000133
C0020336	N0000000065
C4048265	N0000184008
C4048265	N0000009949
C4080052	N0000190113
C4080052	N0000185503
C4043954	N0000192798
C0076110	N0000009957
C0016384	N0000000243
C0257685	N0000009958
C0060276	N0000000220
C0059985	N0000175074
C0059985	N0000000233
C0060930	N0000175862
C1145759	N0000000246
C1145759	N0000187062
C1145759	N0000191269
C1145759	N0000182141
C1145759	N0000191272
C1145759	N0000190114
C1096766	N0000175703
C1096766	N0000175718
C1533699	N0000175077
C1533699	N0000000233
C1721300	N0000000150
C1721300	N0000000191
C1721300	N0000000111
C2746078	N0000175912
C0076705	N0000020025
C0006699	N0000020074
C0025219	N0000000149
C4694272	N0000010226
C4694272	N0000193953
C4740904	N0000009949
C4740904	N0000193855
C0006020	N0000009915
C0010590	N0000000133
C4727016	N0000193990
C4727016	N0000000086
C4727016	N0000175974
C4309207	N0000175968
C0020264	N0000000174
C0020264	N0000191866
C0020264	N0000175684
C5401615	N0000191259
C0013092	N0000000207
C0013092	N0000000190
C0082787	N0000175450
C0082787	N0000000159
C0082787	N0000000134
C2973446	N0000009950
C2973446	N0000182966
C0065152	N0000191423
C0065152	N0000009917
C0065152	N0000009918
C0065152	N0000000215
C0246330	N0000175756
C0015046	N0000000180
C0020404	N0000000190
C0020404	N0000000207
C0937846	N0000000147
C0937846	N0000182140
C1121849	N0000020001
C1121849	N0000185503
C1121849	N0000175076
C1121849	N0000187061
C0054201	N0000000159
C0054201	N0000175450
C0168273	N0000000107
C0168273	N0000009963
C0012203	N0000000100
C0031849	N0000000177
C0064636	N0000187061
C0064636	N0000000191
C0064636	N0000181004
C0173083	N0000175808
C0173083	N0000190111
C0173083	N0000193955
C0173083	N0000190110
C0173083	N0000185504
C0064585	N0000010288
C0068483	N0000000247
C0082944	N0000000159
C0082944	N0000000134
C0041175	N0000009986
C0024480	N0000000163
C0024480	N0000000226
C0024480	N0000000220
C0126774	N0000000163
C0126774	N0000000226
C0126774	N0000000075
C0126774	N0000000220
C0211011	N0000020069
C4519188	N0000194000
C0873118	N0000000180
C4519213	N0000000085
C4519213	N0000009915
C0053941	N0000009923
C0053941	N0000009924
C0055003	N0000000133
C0006686	N0000020074
C0078836	N0000000181
C4310385	N0000000127
C4310385	N0000190110
C4310385	N0000190111
C0001047	N0000000170
C0001047	N0000175547
C1541483	N0000175974
C0596004	N0000000125
C0596004	N0000000207
C0596004	N0000000130
C0078257	N0000000233
C0078257	N0000010256
C0041190	N0000000125
C0041190	N0000175370
C1122087	N0000175451
C1122087	N0000175446
C1122087	N0000000247
C0072828	N0000000118
C0072828	N0000000196
C5244461	N0000193860
C0076829	N0000182140
C0076829	N0000000180
C0076829	N0000185506
C1098261	N0000190115
C1098261	N0000182138
C1098261	N0000175760
C1098261	N0000185504
C1098261	N0000190113
C1098261	N0000175448
C1098261	N0000182137
C1098261	N0000175761
C1098261	N0000182140
C1098261	N0000182139
C1098261	N0000000224
C0012702	N0000009915
C0012702	N0000000180
C0059865	N0000000160
C0054836	N0000009923
C0054836	N0000000099
C0054836	N0000000161
C0054836	N0000009924
C0040879	N0000000196
C0040879	N0000000118
C0033148	N0000000105
C0065865	N0000000134
C0065865	N0000175450
C0065865	N0000000159
C0033459	N0000000230
C0033459	N0000000099
C1948374	N0000000159
C1948374	N0000175450
C0050940	N0000000147
C0062922	N0000000125
C0062922	N0000000104
C0006644	N0000000133
C0673966	N0000000235
C1121991	N0000182143
C0025386	N0000009915
C0054259	N0000009957
C0054259	N0000020025
C0053122	N0000000163
C1608841	N0000192798
C1608841	N0000192796
C4519167	N0000185503
C4519167	N0000187062
C4519167	N0000190114
C4519167	N0000020001
C0005098	N0000000125
C0005098	N0000000207
C0005098	N0000175370
C0005098	N0000000203
C3661283	N0000009949
C2003424	N0000009915
C0068377	N0000000154
C0065844	N0000000163
C0082646	N0000175862
C0106556	N0000000226
C0016351	N0000175450
C0016351	N0000000134
C0016351	N0000000159
C0031935	N0000000230
C0028902	N0000020087
C0028902	N0000020086
C0009014	N0000009918
C0025912	N0000000130
C0025912	N0000009920
C0025912	N0000000190
C4079830	N0000185503
C0289884	N0000000135
C0036079	N0000009915
C0077071	N0000182138
C0077071	N0000193937
C0077071	N0000190114
C0077071	N0000185504
C0077071	N0000187062
C0077071	N0000182137
C0077071	N0000182140
C0077071	N0000182139
C0077071	N0000182141
C0301366	N0000000177
C1707080	N0000175624
C1707080	N0000175076
C0015827	N0000000198
C0015827	N0000000109
C0142825	N0000000226
C0142825	N0000000220
C1506770	N0000175076
C1506770	N0000020008
C0123091	N0000000130
C0123091	N0000000190
C0123091	N0000000230
C0123091	N0000000099
C0033209	N0000000132
C0029995	N0000000146
C5139749	N0000190113
C5139749	N0000185503
C5139749	N0000187062
C5139749	N0000020028
C5139749	N0000020001
C5139749	N0000020034
C0036442	N0000000125
C0036442	N0000000190
C0036442	N0000175370
C0036442	N0000000130
C0040987	N0000000233
C0040987	N0000175074
C0040987	N0000000098
C0040987	N0000009915
C1999375	N0000185503
C1999375	N0000182141
C1999375	N0000182143
C0074393	N0000182137
C0074393	N0000000109
C0022957	N0000175833
C0022957	N0000010288
C0536495	N0000020087
C0536495	N0000020086
C0254215	N0000000107
C0123931	N0000000176
C0286079	N0000020060
C0247194	N0000009915
C0037134	N0000009915
C0206460	N0000175635
C0206460	N0000000107
C0206460	N0000000231
C0206460	N0000000169
C3852217	N0000192798
C3852217	N0000009949
C3852512	N0000191258
C0051809	N0000175086
C0051809	N0000000128
C0006674	N0000000228
C0006674	N0000000163
C0121902	N0000175654
C0022245	N0000009921
C0022245	N0000009922
C0022245	N0000000245
C0065512	N0000000226
C0065512	N0000000220
C0149381	N0000000226
C0149381	N0000000220
C0149381	N0000000163
C0035608	N0000000233
C0065517	N0000000163
C0065517	N0000000220
C0065517	N0000000226
C0007537	N0000000133
C0009279	N0000175355
C0009279	N0000175365
C0541315	N0000175624
C0541315	N0000175076
C0541315	N0000182141
C0541315	N0000182137
C0717758	N0000175447
C0717758	N0000175451
C0717758	N0000175446
C0717758	N0000000247
C0049506	N0000009919
C0049506	N0000000125
C0049506	N0000009920
C0049506	N0000000090
C0049506	N0000000190
C1739768	N0000175635
C2713595	N0000190113
C2713595	N0000182140
C2713595	N0000193860
C2713595	N0000190118
C2713595	N0000187062
C0527189	N0000000190
C0286651	N0000000121
C0017066	N0000020060
C0017066	N0000000233
C0666743	N0000175451
C0666743	N0000175446
C0666743	N0000000247
C0022252	N0000185499
C0022252	N0000000120
C1530072	N0000000109
C0546882	N0000000237
C0526399	N0000000069
C0028005	N0000020065
C0028005	N0000187062
C0028005	N0000182137
C0028005	N0000000069
C0028005	N0000182140
C0028005	N0000182141
C3491971	N0000000225
C0038418	N0000000241
C1101838	N0000000121
C1721339	N0000009915
C1721339	N0000194030
C0064113	N0000009957
C0064113	N0000185503
C0064113	N0000190113
C0064113	N0000182141
C0064113	N0000020025
C0907402	N0000000225
C0143993	N0000175684
C0961209	N0000000160
C1176306	N0000185506
C1176306	N0000010262
C1176306	N0000182141
C1176306	N0000185507
C0025616	N0000000146
C3467842	N0000182141
C3467842	N0000182138
C3467842	N0000190857
C3467842	N0000191265
C3467842	N0000020001
C3467842	N0000190113
C3467842	N0000175082
C3467842	N0000185503
C0008929	N0000000190
C1434792	N0000193805
C1434792	N0000193807
C1831808	N0000175635
C1831808	N0000000107
C0025153	N0000009915
C2713632	N0000175789
C2713632	N0000020001
C0000992	N0000000211
C0000992	N0000000225
C1721377	N0000187064
C1721377	N0000185503
C1721377	N0000191272
C1721377	N0000187062
C1721377	N0000175076
C1721377	N0000020009
C1721377	N0000187063
C1721377	N0000182137
C0033497	N0000009923
C0033497	N0000000161
C0033497	N0000009924
C3490795	N0000000178
C4519740	N0000191002
C2825616	N0000181818
C0937932	N0000000231
C0916062	N0000175635
C0916062	N0000000107
C0916062	N0000000169
C0078839	N0000000196
C0078839	N0000000116
C0078839	N0000000118
C0042679	N0000010256
C0021186	N0000181005
C0021186	N0000000211
C0386393	N0000180999
C0386393	N0000000070
C0057621	N0000009915
C3179549	N0000020058
C4044947	N0000190857
C2713008	N0000175076
C2713008	N0000175082
C2713008	N0000185503
C0025598	N0000000225
C0017718	N0000009915
C0165603	N0000000233
C0071810	N0000009915
C0065656	N0000182138
C0065656	N0000020066
C0065656	N0000020065
C0065656	N0000185504
C0065656	N0000182137
C0065656	N0000182140
C0065656	N0000182139
C0065656	N0000182141
C0937609	N0000000149
C0378466	N0000000083
C0378466	N0000185504
C0042670	N0000010256
C4079904	N0000000231
C0005632	N0000009915
C0087163	N0000000142
C0022034	N0000010258
C0012522	N0000000190
C0008275	N0000000100
C0026156	N0000009915
C0004743	N0000000105
C0004743	N0000175370
C0754659	N0000000126
C4080009	N0000000147
C0011689	N0000000238
C0886584	N0000000133
C0886584	N0000175361
C0164386	N0000000190
C0164386	N0000000125
C0251504	N0000000196
C0251504	N0000000116
C0251504	N0000000138
C0206461	N0000000107
C0206461	N0000000231
C0206461	N0000000169
C0206461	N0000175635
C2605855	N0000182141
C2605855	N0000190107
C2605855	N0000190108
C2605855	N0000185503
C2605855	N0000182638
C0016225	N0000000125
C0016225	N0000000128
C0033447	N0000175370
C0033447	N0000000125
C0011777	N0000000159
C0011777	N0000000134
C0011777	N0000175450
C0000618	N0000175074
C0000618	N0000000233
C0078844	N0000185503
C0078844	N0000000235
C0078844	N0000009915
C0061323	N0000000225
C1122962	N0000175076
C1122962	N0000020010
C0006949	N0000191266
C0006949	N0000185507
C0006949	N0000187064
C0006949	N0000009915
C0006949	N0000000180
C0006949	N0000185607
C0006949	N0000185506
C0065767	N0000000163
C0063076	N0000000134
C0063076	N0000175450
C0063076	N0000000159
C0032483	N0000010288
C0013360	N0000175789
C0013360	N0000000128
C1257385	N0000190107
C1257385	N0000182140
C1257385	N0000190108
C1257385	N0000190114
C1257385	N0000190113
C1257385	N0000185503
C1257385	N0000187062
C1257385	N0000193939
C0076891	N0000000181
C0070166	N0000182143
C0070166	N0000187062
C0025684	N0000000233
C0025684	N0000010217
C0000473	N0000000065
C0006403	N0000009924
C0006403	N0000009923
C0011701	N0000000165
C0030883	N0000000105
C3252090	N0000190108
C3252090	N0000185503
C3252090	N0000190113
C3252090	N0000190107
C0036579	N0000000184
C0036579	N0000175761
C0002372	N0000000226
C0002372	N0000000220
C0253563	N0000009962
C0058831	N0000000180
C2827667	N0000020000
C2827667	N0000020001
C1872109	N0000175446
C1872109	N0000000247
C1872109	N0000175451
C0055011	N0000000133
C1176315	N0000000246
C0040374	N0000000225
C0072916	N0000000256
C0759933	N0000000256
C0759933	N0000175764
C0759933	N0000175763
C3273719	N0000182137
C3273719	N0000185503
C3273719	N0000010262
C3273719	N0000190113
C0011015	N0000000176
C0011015	N0000020088
C0011015	N0000020060
C4519739	N0000193968
C3885614	N0000000117
C3885614	N0000000198
C0028923	N0000000150
C0041098	N0000000190
C0010648	N0000175549
C0010648	N0000009915
C0033567	N0000000106
C0287041	N0000000070
C0287041	N0000180999
C0537894	N0000020027
C4508938	N0000000174
C0017628	N0000000225
C0017628	N0000000211
C0000970	N0000000108
C0025147	N0000000185
C0282386	N0000020087
C0282386	N0000020086
C0026256	N0000009915
C0026256	N0000185506
C3713906	N0000020081
C0024547	N0000000177
C0012373	N0000182141
C0012373	N0000000069
C0012373	N0000020065
C0137984	N0000000220
C0137984	N0000000226
C0650160	N0000000205
C0002412	N0000000177
C2001271	N0000000174
C2001271	N0000175684
C0017887	N0000185499
C0017887	N0000000120
C0002680	N0000010215
C3273401	N0000000178
C0132326	N0000187064
C0132326	N0000190118
C0132326	N0000009948
C1508750	N0000175686
C1508750	N0000000154
C0009262	N0000010256
C0009262	N0000009915
C0023870	N0000000234
C0023870	N0000000167
C0004259	N0000000125
C0004259	N0000175370
C0663182	N0000010279
C0663182	N0000175621
C2987716	N0000184148
C0068333	N0000181008
C0055856	N0000182141
C0055856	N0000000150
C0055856	N0000185503
C0055856	N0000190114
C0058445	N0000000150
C0008286	N0000000099
C0008286	N0000000230
C0008286	N0000009915
C4550163	N0000194011
C4550163	N0000009949
C2742502	N0000020032
C0038687	N0000009946
C1135132	N0000010256
C0257190	N0000191546
C0052940	N0000000160
C0052940	N0000000134
C0057258	N0000175450
C0057258	N0000000159
C0008838	N0000000233
C0907410	N0000000150
C0064582	N0000009915
C0064582	N0000175833
C4291320	N0000184011
C4291320	N0000175355
C0085237	N0000000180
C0025605	N0000175684
C0025605	N0000020015
C0025605	N0000000174
C4279595	N0000193941
C2000145	N0000020068
C2000145	N0000000106
C0078774	N0000000163
C0078774	N0000000226
C0078774	N0000000220
C0026388	N0000000230
C0026388	N0000000099
C0015021	N0000000150
C0013089	N0000000176
C0013089	N0000020088
C3491974	N0000185503
C3491974	N0000182638
C3491974	N0000190107
C3491974	N0000190108
C0754280	N0000185503
C2936870	N0000000198
C2936870	N0000000117
C0028027	N0000000231
C0028027	N0000000163
C0014710	N0000000203
C0014710	N0000000130
C0014710	N0000000209
C0014710	N0000190114
C0023570	N0000000203
C0872913	N0000000241
C5139868	N0000193923
C0288165	N0000009948
C0073393	N0000000230
C0073393	N0000000099
C0073393	N0000000130
C0073393	N0000000190
C4548848	N0000000118
C4548848	N0000193997
C0056732	N0000009915
C0022614	N0000000117
C0022614	N0000020014
C0360564	N0000000159
C0360564	N0000175450
C0360564	N0000000134
C0935916	N0000000145
C0935916	N0000000168
C3853839	N0000175618
C3853839	N0000175617
C3853839	N0000191422
C0074722	N0000000226
C0074722	N0000000220
C3696416	N0000020074
C0030896	N0000000233
C0030896	N0000175074
C0012582	N0000000128
C0012582	N0000000187
C0012582	N0000175789
C4724807	N0000175082
C4724807	N0000185503
C4724807	N0000191423
C4724807	N0000187061
C0247025	N0000009962
C0035167	N0000000181
C0001927	N0000009922
C0074391	N0000009957
C0074391	N0000020025
C0209366	N0000175084
C0209366	N0000000141
C1722260	N0000009922
C0717537	N0000020074
C0144576	N0000000135
C0144576	N0000010260
C0056831	N0000181005
C0056831	N0000000235
C0030071	N0000000209
C0021234	N0000175533
C2980074	N0000193944
C2980074	N0000193943
C2980074	N0000175076
C0060241	N0000000220
C0051696	N0000020065
C0051696	N0000190114
C0051696	N0000000069
C0078792	N0000009915
C0078792	N0000000147
C0114873	N0000009919
C0114873	N0000000099
C4550124	N0000193542
C0033473	N0000000130
C0033473	N0000000190
C0033473	N0000000230
C0033473	N0000009919
C0033473	N0000000125
C0296806	N0000010258
C0286185	N0000020066
C0286185	N0000020065
C0907850	N0000000159
C2930789	N0000020000
C2930789	N0000175076
C0674428	N0000182140
C0674428	N0000182141
C0674428	N0000187064
C0674428	N0000190118
C0674428	N0000009948
C0674428	N0000185504
C0052657	N0000175355
C0025677	N0000000191
C0025677	N0000000111
C0025677	N0000000098
C0717550	N0000180999
C0717550	N0000000070
C0048318	N0000175850
C0042105	N0000009915
C0006230	N0000000117
C4045520	N0000000150
C0007716	N0000000133
C1435749	N0000000236
C0718043	N0000000178
C0059699	N0000020024
C1456408	N0000020058
C2980091	N0000175082
C0083381	N0000000160
C4055109	N0000193337
C4055109	N0000193336
C0016986	N0000020065
C0040958	N0000009915
C3264621	N0000184145
C3264621	N0000190114
C3264621	N0000185504
C3264621	N0000185503
C1174893	N0000000190
C1144149	N0000020085
C0762662	N0000008288
C0039736	N0000009915
C0039736	N0000175446
C0022265	N0000000085
C0022265	N0000009915
C2983812	N0000185007
C2983812	N0000185503
C2983812	N0000190114
C2983812	N0000182137
C0014942	N0000000100
C4726900	N0000020008
C0007557	N0000000133
C1516119	N0000175082
C1516119	N0000175076
C0021968	N0000009915
C2698764	N0000191278
C2698764	N0000191273
C2698764	N0000020016
C2698764	N0000182141
C2698764	N0000187062
C0000294	N0000175355
C4550368	N0000187064
C4550368	N0000181004
C4550368	N0000190114
C4550368	N0000000118
C4550368	N0000187063
C4550368	N0000185506
C4550368	N0000193997
C4550368	N0000182140
C4550368	N0000182139
C4330502	N0000192335
C0065374	N0000000181
C0298130	N0000000083
C0007559	N0000000133
C2351038	N0000182634
C0014582	N0000020088
C0014582	N0000000135
C0014582	N0000000176
C0030800	N0000000114
C0731033	N0000020074
C0731033	N0000000163
C0093437	N0000000104
C0093437	N0000175369
C0796392	N0000178291
C0796392	N0000020007
C0796392	N0000193542
C0259507	N0000000107
C0259507	N0000000231
C0259507	N0000000169
C0259507	N0000175635
C0851344	N0000000133
C0851344	N0000175080
C0034272	N0000000163
C0014563	N0000000209
C0014563	N0000000245
C0014563	N0000009921
C0014563	N0000009922
C0078794	N0000000163
C0078794	N0000000220
C0078794	N0000000226
C0169964	N0000000165
C0169964	N0000010266
C0051556	N0000175450
C0051556	N0000000159
C0051556	N0000000134
C0020934	N0000000102
C0020934	N0000000109
C0021978	N0000009915
C0033223	N0000000236
C0033223	N0000000233
C0028420	N0000000102
C0028420	N0000000109
C0066535	N0000000166
C5418176	N0000190118
C5418176	N0000175082
C5418176	N0000020010
C2974289	N0000175076
C2974289	N0000020000
C2974289	N0000182139
C2974289	N0000187061
C2974289	N0000185503
C2974289	N0000190114
C2974289	N0000191265
C4278675	N0000181815
C0040869	N0000000238
C0040869	N0000181004
C0022635	N0000000160
C0164662	N0000009947
C0024477	N0000000163
C0024477	N0000000226
C0024477	N0000010288
C0024477	N0000000220
C5418179	N0000193789
C0086444	N0000000087
C0086444	N0000009915
C0027324	N0000010215
C0027324	N0000000231
C0030858	N0000000120
C0909381	N0000020060
C0909381	N0000000233
C0074493	N0000000102
C0074493	N0000000109
C0074493	N0000000114
C0017642	N0000000225
C0252643	N0000175364
C4505936	N0000000085
C4505936	N0000193918
C0012050	N0000000180
C0012050	N0000000082
C0033511	N0000000155
C0033511	N0000000132
C0033511	N0000175917
C0033511	N0000000150
C0029310	N0000009915
C0012271	N0000009915
C0018165	N0000000150
C0029193	N0000009922
C0092801	N0000000233
C0008783	N0000000151
C0014806	N0000000150
C0289313	N0000175375
C0289313	N0000000225
C0289313	N0000175377
C0060787	N0000000255
C0039902	N0000000233
C0037537	N0000000116
C0037537	N0000009915
C0024476	N0000010288
C0024476	N0000000220
C0024476	N0000000163
C0024476	N0000000226
C2830183	N0000010256
C0085208	N0000000114
C0085208	N0000000102
C0085208	N0000000109
C0085208	N0000182137
C5420928	N0000190857
C5420928	N0000020001
C5420928	N0000194044
C0017725	N0000000228
C0005575	N0000000163
C0032911	N0000000140
C0359156	N0000020023
C4086553	N0000175614
C0537551	N0000020064
C3852841	N0000175076
C3852841	N0000175082
C2717539	N0000000069
C0006462	N0000009915
C0006462	N0000000256
C3712232	N0000191866
C3712232	N0000000154
C0024730	N0000010288
C0042646	N0000000233
C0042646	N0000020060
C1328025	N0000020008
C0022487	N0000000150
C5203804	N0000000236
C5203804	N0000191422
C0071568	N0000000178
C0076126	N0000000069
C0025384	N0000000180
C0006681	N0000000220
C0006681	N0000020074
C0006681	N0000000226
C4519323	N0000187061
C4519323	N0000185503
C4519323	N0000020001
C4519323	N0000194026
C4519323	N0000182141
C4519323	N0000185506
C1508759	N0000182141
C1508759	N0000193977
C1508759	N0000190113
C1508759	N0000185503
C5446297	N0000009949
C4080091	N0000187064
C4080091	N0000190111
C4080091	N0000190118
C4080091	N0000175082
C4080091	N0000191264
C4080091	N0000191265
C4080091	N0000190113
C4080091	N0000185506
C4080091	N0000020000
C4080091	N0000191423
C0244713	N0000009915
C0244713	N0000000247
C0031412	N0000000105
C0017845	N0000000105
C5140028	N0000193795
C0011185	N0000009915
C0011185	N0000000223
C0010976	N0000000069
C3192263	N0000175076
C3192263	N0000182138
C3192263	N0000175411
C3192263	N0000185503
C1137427	N0000000223
C0245514	N0000175377
C0245514	N0000175375
C0040845	N0000009915
C0040845	N0000000085
C0772364	N0000175450
C0772364	N0000000159
C0772364	N0000000134
C3885068	N0000020058
C0072980	N0000175624
C0072980	N0000175076
C0078442	N0000000190
C0078442	N0000000209
C0078442	N0000000122
C4519745	N0000193792
C0043832	N0000000144
C0025039	N0000000125
C0025039	N0000000190
C0754820	N0000175862
C0004147	N0000009923
C0004147	N0000000161
C1699861	N0000192345
C0022209	N0000009915
C0012030	N0000000102
C0012030	N0000000109
C0039512	N0000000176
C0077388	N0000000125
C0108124	N0000000220
C0108124	N0000020074
C0216971	N0000000079
C0025497	N0000000230
C3854019	N0000000150
C0030812	N0000009924
C0030812	N0000009923
C0030812	N0000000161
C0022860	N0000009919
C0022860	N0000009923
C0022860	N0000000161
C0022860	N0000009924
C0060501	N0000175450
C0060501	N0000000159
C0766108	N0000020065
C0766108	N0000000069
C1832049	N0000192337
C0025746	N0000175355
C0025746	N0000000236
C0015042	N0000175370
C0022029	N0000000205
C4083151	N0000009949
C4083151	N0000182636
C4083151	N0000175078
C0039663	N0000181008
C0040373	N0000000099
C5139934	N0000020058
C5139934	N0000020057
C5139934	N0000000152
C0068314	N0000000176
C0249582	N0000000163
C0009002	N0000175375
C0020196	N0000000142
C3492634	N0000010257
C3492634	N0000175869
C0008290	N0000000130
C0008290	N0000000230
C0008290	N0000000099
C0022041	N0000010257
C0297635	N0000175764
C0297635	N0000175763
C0297635	N0000000256
C0051150	N0000009919
C0051150	N0000000099
C0076836	N0000000168
C0039925	N0000009915
C0244656	N0000000180
C0027302	N0000009923
C0027302	N0000000161
C0027302	N0000009924
C0249529	N0000000206
C0126777	N0000000226
C0126777	N0000000163
C0126777	N0000000220
C0033254	N0000175370
C0033254	N0000000125
C0004234	N0000175703
C0004234	N0000175718
C1998098	N0000182137
C1998098	N0000175071
C0012086	N0000000235
C0379881	N0000020086
C2725260	N0000182140
C2725260	N0000181004
C2725260	N0000185506
C0027368	N0000000146
C0038627	N0000175717
C0010137	N0000000159
C0010137	N0000000134
C0010137	N0000175450
C1869620	N0000191871
C4535718	N0000000102
C4535718	N0000193789
C3541367	N0000000102
C3541367	N0000000109
C0073629	N0000175084
C0073629	N0000000255
C0142785	N0000000226
C0142785	N0000000220
C0013085	N0000000102
C0013085	N0000000109
C0913246	N0000008288
C0040377	N0000000160
C3852938	N0000190107
C3852938	N0000182141
C3852938	N0000190115
C3852938	N0000187064
C3852938	N0000190108
C3852938	N0000185507
C3852938	N0000187062
C3852938	N0000190114
C3852938	N0000185607
C3852938	N0000193801
C3852938	N0000000215
C4524315	N0000193859
C2744960	N0000000224
C0016383	N0000175799
C4724800	N0000009949
C1136535	N0000020062
C0002371	N0000000226
C0002371	N0000000220
C0018880	N0000009915
C0074757	N0000010288
C0074757	N0000000220
C1569608	N0000175702
C1569608	N0000175369
C0025644	N0000000155
C0025644	N0000175917
C0025644	N0000000150
C0025644	N0000000132
C0525079	N0000000236
C4759135	N0000194042
C4759135	N0000000106
C0663733	N0000000246
C0033405	N0000000230
C0033405	N0000000190
C0022180	N0000000118
C0022180	N0000000073
C0085259	N0000175516
C0052761	N0000009915
C0002499	N0000000150
C4078806	N0000020023
C0054120	N0000000190
C0023566	N0000000185
C4045824	N0000175833
C4045824	N0000000220
C0210630	N0000020062
C3899973	N0000191502
C0143083	N0000000165
C0143083	N0000010266
C0055463	N0000000065
C0010547	N0000000125
C0010547	N0000000190
C0020316	N0000000163
C0048504	N0000000179
C1328071	N0000000085
C0292819	N0000000150
C1268876	N0000000255
C2825682	N0000009915
C2348241	N0000000190
C0008269	N0000000233
C0001911	N0000191624
C0001911	N0000010260
C4078701	N0000190855
C0025876	N0000175921
C0008318	N0000000163
C0031379	N0000009915
C0015121	N0000009958
C0085228	N0000000109
C0085174	N0000000106
C1620287	N0000182143
C0028741	N0000009957
C2934193	N0000009922
C2987429	N0000193927
C2987429	N0000009949
C4519126	N0000193918
C4519126	N0000000085
C0772089	N0000000125
C0028365	N0000020087
C0028365	N0000020088
C3896936	N0000187064
C3896936	N0000190113
C3896936	N0000190118
C3896936	N0000175084
C3896936	N0000185503
C0052759	N0000000140
C0063829	N0000010257
C0063829	N0000010258
C0057916	N0000000243
C0057916	N0000000185
C1664205	N0000000133
C0753678	N0000009915
C0010583	N0000000236
C0030049	N0000175684
C0005059	N0000000180
C0004599	N0000009954
C0004599	N0000000163
C0053817	N0000009922
C2001525	N0000000133
C0530684	N0000182728
C4682397	N0000185507
C4682397	N0000185506
C4682397	N0000000133
C4682397	N0000193988
C0038745	N0000009946
C0037556	N0000020024
C3713958	N0000009947
C0245561	N0000000102
C0245561	N0000000109
C0041009	N0000009915
C4743552	N0000191423
C4743552	N0000193845
C4743552	N0000185503
C4743552	N0000020028
C4743552	N0000193932
C4743552	N0000185504
C4743552	N0000020001
C4743552	N0000190113
C0015505	N0000000231
C0037549	N0000009915
C0014708	N0000000099
C0014708	N0000000209
C0014708	N0000000130
C0971579	N0000020026
C0007561	N0000000133
C0014277	N0000000118
C0014277	N0000000073
C0038675	N0000009946
C0164613	N0000000247
C0012341	N0000009915
C0168388	N0000000105
C0543464	N0000009915
C3853822	N0000175076
C3853822	N0000175082
C3853822	N0000190114
C0103045	N0000175799
C0007299	N0000009923
C0007299	N0000000161
C0007299	N0000009924
C2698692	N0000175082
C2698692	N0000190114
C2698692	N0000175076
C4287799	N0000193929
C4287799	N0000175082
C4287799	N0000185503
C0256103	N0000000089
C0256103	N0000000241
C0040207	N0000009961
C0001275	N0000000087
C0018034	N0000009915
C0008845	N0000000109
C0031955	N0000010215
C0015131	N0000009918
C0015131	N0000000118
C0074281	N0000000065
C0074281	N0000009915
C5418501	N0000175974
C0107497	N0000009957
C0025051	N0000000196
C0025051	N0000000118
C4519258	N0000191725
C0007560	N0000000133
C0027996	N0000000163
C4043480	N0000190109
C4043480	N0000194057
C4043480	N0000188374
C0071836	N0000000159
C0071836	N0000000134
C0071836	N0000175450
C0014892	N0000000196
C0014892	N0000000118
C0034282	N0000000190
C0025815	N0000000159
C0025815	N0000000134
C0025815	N0000175450
C0041942	N0000000065
C0007555	N0000000133
C0055891	N0000000196
C0055891	N0000000118
C0055891	N0000182137
C0055891	N0000185506
C0040989	N0000000130
C0040989	N0000000230
C0040989	N0000000099
C0006703	N0000000205
C3502471	N0000187058
C3502471	N0000185503
C0083183	N0000009915
C0290883	N0000000133
C0290883	N0000175080
C4049141	N0000175082
C4049141	N0000175076
C0961965	N0000000175
C0014912	N0000000100
C0077857	N0000009919
C0071808	N0000000080
C0537439	N0000175615
C0537439	N0000181002
C0016278	N0000000150
C0006405	N0000175686
C0006405	N0000175685
C0006405	N0000000154
C0045010	N0000000185
C0065180	N0000000190
C0069751	N0000000180
C0304984	N0000010257
C0011710	N0000000094
C4055417	N0000193337
C4055417	N0000193336
C0030040	N0000009924
C0030040	N0000009923
C0061863	N0000175817
C0061863	N0000000090
C0065023	N0000000233
C0006463	N0000000236
C0008161	N0000009915
C0036534	N0000020078
C0132512	N0000000069
C0070694	N0000009915
C1176329	N0000175364
C3273711	N0000175075
C0209738	N0000009947
C5418188	N0000193794
C5418188	N0000193998
C5418188	N0000185506
C4742219	N0000194048
C5398046	N0000191422
C0025893	N0000010215
C0052762	N0000000190
C0075870	N0000000202
C0030827	N0000010215
C0142046	N0000000149
C3661315	N0000191622
C0012547	N0000009949
C2986922	N0000193786
C0971023	N0000009947
C0872916	N0000000205
C4325235	N0000000154
C4325235	N0000191866
C0025659	N0000009915
C0008168	N0000000150
C0033215	N0000009915
C0006710	N0000020074
C0006710	N0000000163
C0006710	N0000000220
C0006938	N0000000181
C0050458	N0000000230
C0050458	N0000000099
C4475875	N0000000163
C0073571	N0000000180
C0024977	N0000000102
C0024977	N0000000114
C0065185	N0000000118
C0065185	N0000175456
C0065185	N0000000196
C0038792	N0000000160
C0071097	N0000175375
C0071097	N0000000225
C0071097	N0000175377
C0039266	N0000010215
C4086895	N0000193932
C4086895	N0000193931
C4086895	N0000000133
C4086895	N0000191423
C0753645	N0000020086
C0753645	N0000020087
C0075632	N0000175763
C0075632	N0000175764
C0075632	N0000000256
C0070557	N0000010215
C0070895	N0000020060
C0070895	N0000000103
C0070895	N0000000087
C0025678	N0000175799
C0025678	N0000182138
C0025678	N0000182137
C0025678	N0000000190
C0378482	N0000000147
C3852671	N0000188367
C3852671	N0000194022
C0030903	N0000000229
C0030903	N0000000074
C0005578	N0000175370
C0005578	N0000000125
C5226874	N0000193947
C5226874	N0000175082
C0389169	N0000000133
C0543448	N0000000220
C0543448	N0000000163
C0543448	N0000000226
C0040613	N0000010264
C0050403	N0000000160
C0050403	N0000175451
C0007554	N0000000133
C1880288	N0000000109
C1880288	N0000182137
C1880288	N0000000102
C1567130	N0000193616
C0032896	N0000009923
C0025175	N0000000145
C0025175	N0000000185
C0040779	N0000000128
C0040779	N0000020029
C0301527	N0000000226
C0301527	N0000000220
C1260298	N0000000150
C0027373	N0000000209
C0026234	N0000009958
C0026234	N0000000233
C5242455	N0000009949
C5242455	N0000191259
C0077163	N0000000065
C0069454	N0000000134
C0069454	N0000000160
C0005038	N0000009915
C0038633	N0000175355
C0076075	N0000020086
C0076075	N0000020087
C0011145	N0000000144
C0049065	N0000019995
C0049065	N0000000233
C0049065	N0000175074
C0026549	N0000191866
C0026549	N0000175684
C0031447	N0000000114
C0031447	N0000000184
C0031447	N0000000102
C0005088	N0000000170
C4086837	N0000191502
C0039955	N0000000230
C0039955	N0000000099
C0907349	N0000175074
C0907349	N0000000233
C0772321	N0000175862
C0069765	N0000020025
C0069765	N0000009957
C0007550	N0000000133
C0085161	N0000000176
C0085161	N0000020086
C4519199	N0000009915
C0033798	N0000000209
C0033798	N0000000245
C0025872	N0000009915
C5418449	N0000193958
C5139924	N0000194005
C5139924	N0000009949
C0048897	N0000190113
C0048897	N0000185503
C0048897	N0000190482
C0540623	N0000175763
C0540623	N0000175764
C0540623	N0000000256
C0071129	N0000009922
C0213404	N0000000180
C0054094	N0000000160
C0525227	N0000009918
C0525227	N0000000209
C0078956	N0000000241
C0085379	N0000175617
C0085379	N0000175619
C0085379	N0000009949
C0024472	N0000000226
C0024472	N0000000163
C0024472	N0000000220
C3658706	N0000191259
C3496793	N0000185607
C3496793	N0000185506
C3496793	N0000000243
C3496793	N0000185507
C0057626	N0000000174
C0057626	N0000000154
C4050579	N0000000085
C5139793	N0000193791
C0657912	N0000009915
C0054015	N0000000085
C0055899	N0000000159
C0055899	N0000175450
C0055899	N0000000134
C0002260	N0000175844
C0002260	N0000000133
C3884837	N0000193302
C0174938	N0000000159
C0174938	N0000000134
C3885063	N0000010226
C3885145	N0000190478
C0031364	N0000000108
C0027348	N0000000174
C0027348	N0000175686
C0027348	N0000175685
C4550350	N0000175974
C0015011	N0000000100
C0020223	N0000009915
C5421138	N0000000178
C0036078	N0000000160
C0036078	N0000000134
C0288171	N0000000070
C0288171	N0000180999
C2827241	N0000185503
C2827241	N0000186778
C2827241	N0000182141
C0031444	N0000000164
C1722267	N0000000198
C0000477	N0000175448
C0066677	N0000000114
C0061347	N0000020074
C0061347	N0000000220
C0006711	N0000000220
C0006711	N0000020074
C0966225	N0000175792
C0293359	N0000000225
C0062092	N0000000118
C3179535	N0000185503
C3179535	N0000190114
C3179535	N0000190998
C0005304	N0000175804
C1145760	N0000000106
C1099677	N0000000125
C0038742	N0000000132
C0012201	N0000000114
C0012201	N0000000184
C0012201	N0000000102
C0541155	N0000175365
C0030092	N0000000150
C0528166	N0000175764
C0528166	N0000175763
C0528166	N0000000256
C4723629	N0000182141
C4723629	N0000194028
C3711911	N0000185499
C3711911	N0000175456
C1174995	N0000009949
C1174995	N0000175856
C3475363	N0000175869
C3475363	N0000000205
C0038432	N0000000233
C0038432	N0000000236
C1311070	N0000000236
C0016367	N0000175799
C0016367	N0000000230
C0016367	N0000009919
C0014758	N0000000120
C0008196	N0000000065
C0016366	N0000000146
C0030771	N0000000176
C0030771	N0000020086
C0128603	N0000175703
C0128603	N0000175718
C0360174	N0000000177
C1321596	N0000020019
C0393022	N0000175078
C0393022	N0000009949
C0216784	N0000000070
C0216784	N0000180999
C0032950	N0000000159
C0032950	N0000175450
C0032950	N0000000134
C2346970	N0000000168
C0034261	N0000000177
C0903898	N0000000225
C0903898	N0000175448
C0070122	N0000000109
C1956280	N0000182140
C1956280	N0000009957
C0075007	N0000000181
C0002144	N0000000206
C0013030	N0000000122
C0013030	N0000000117
C0034414	N0000000140
C0034414	N0000000180
C0034414	N0000182137
C0034414	N0000000211
C0024337	N0000000142
C1870115	N0000009919
C1870115	N0000000099
C0045093	N0000175074
C0045093	N0000000233
C2353951	N0000187058
C0030840	N0000010215
C0023556	N0000000135
C0031968	N0000000190
C0031968	N0000000230
C0031968	N0000000125
C1306772	N0000000125
C0301373	N0000000125
C0772093	N0000000082
C1313616	N0000000168
C0538927	N0000000160
C0538927	N0000008288
C2698291	N0000180999
C2698291	N0000000070
C0004320	N0000009915
C0054409	N0000009915
C4079805	N0000187058
C0068334	N0000000160
C2350948	N0000185009
C0020811	N0000000233
C0022005	N0000010257
C0022005	N0000010258
C0068771	N0000000243
C2343921	N0000000154
C4541993	N0000193795
C0039601	N0000000146
C0012306	N0000191866
C0012306	N0000175684
C4086264	N0000175076
C4086264	N0000020000
C0304961	N0000000205
C4519300	N0000190113
C4519300	N0000020025
C5139676	N0000193932
C5139676	N0000194060
C5139676	N0000193792
C5139676	N0000191423
C5235403	N0000175084
C0014695	N0000000163
C0014695	N0000000228
C4519744	N0000000174
C4519744	N0000194007
C2934701	N0000181815
C3714572	N0000009958
C0030438	N0000009915
C0015506	N0000000231
C0014479	N0000000209
C0014479	N0000000245
C0022419	N0000000133
C3859426	N0000000231
C0027679	N0000000177
C0061851	N0000175817
C0061851	N0000000090
C2987417	N0000175076
C2987417	N0000020001
C3853921	N0000020001
C3853921	N0000175082
C3853921	N0000175076
C0037688	N0000000065
C0001268	N0000000150
C0533545	N0000020086
C0533545	N0000020087
C3886731	N0000184148
C3254591	N0000175082
C0012191	N0000175955
C0012191	N0000000160
C2351042	N0000020086
C2351042	N0000020087
C0537150	N0000193997
C5139788	N0000190857
C5139788	N0000185503
C0025627	N0000000118
C3709474	N0000175370
C3709474	N0000000125
C0053114	N0000000180
C0002658	N0000000114
C0002658	N0000000184
C0002658	N0000000102
C0028128	N0000000120
C0028128	N0000185499
C0020306	N0000175850
C0020306	N0000020001
C0041660	N0000009915
C1271607	N0000000149
C0073372	N0000000233
C0025270	N0000009915
C0074710	N0000000117
C0032825	N0000000220
C0032825	N0000000226
C0107994	N0000000117
C0006945	N0000000104
C0085149	N0000000133
C0085149	N0000175458
C0243237	N0000000079
C0010620	N0000000130
C0010620	N0000000190
C1831731	N0000020009
C1831731	N0000020001
C1831731	N0000175076
C0969324	N0000191871
C0288672	N0000185503
C0913469	N0000000137
C0913469	N0000010267
C0120107	N0000175654
C0066531	N0000175516
C1451502	N0000000106
C0055578	N0000000128
C0028127	N0000020065
C0008466	N0000000142
C0025023	N0000010256
C0025023	N0000000085
C0025405	N0000175549
C0033124	N0000000180
C0167117	N0000020058
C0001367	N0000020060
C0012963	N0000000245
C0012963	N0000009921
C5139916	N0000191422
C0076115	N0000020025
C0537147	N0000193870
C0537147	N0000000256
C0537147	N0000175816
C4519269	N0000187064
C4519269	N0000190998
C0011276	N0000000150
C0037129	N0000000150
C0379955	N0000000205
C0010592	N0000182141
C0010592	N0000175458
C0010592	N0000009915
C0010592	N0000185503
C0053882	N0000000133
C0024027	N0000000121
C1718383	N0000185501
C0055923	N0000000150
C0041920	N0000000236
C0042839	N0000000163
C0042839	N0000000170
C0038149	N0000000146
C4688747	N0000193853
C0031463	N0000000163
C0068475	N0000000161
C0065961	N0000000161
C0123043	N0000000117
C0064079	N0000000120
C0064079	N0000185499
C0874161	N0000175436
C0064568	N0000020065
C0076275	N0000009916
C0060231	N0000000220
C0077275	N0000019993
C0077275	N0000175654
C0055021	N0000009920
C0055021	N0000009922
C0055021	N0000009923
C0015133	N0000000176
C0008221	N0000000118
C0039832	N0000000133
C1700683	N0000000117
C0039871	N0000000236
C0028158	N0000009915
C0024002	N0000000196
C0024002	N0000000118
C1120386	N0000020027
C0032334	N0000009915
C0076823	N0000000102
C0021246	N0000000160
C0034266	N0000000163
C1367202	N0000182634
C0031441	N0000000099
C1722685	N0000184151
C0019453	N0000000233
C0019453	N0000000236
C0082607	N0000000159
C0082607	N0000175450
C0018242	N0000010256
C0039286	N0000000168
C0287573	N0000000133
C0220578	N0000175817
C0220578	N0000000090
C0728747	N0000020008
C3657824	N0000181815
C5418478	N0000175615
C0068367	N0000009957
C0216231	N0000000247
C0026088	N0000000110
C0026088	N0000000115
C0002600	N0000000102
C0002600	N0000000109
C0041038	N0000000105
C0030072	N0000000146
C0062587	N0000010215
C2974540	N0000187058
C0040899	N0000181005
C0040899	N0000000235
C0676831	N0000175621
C0676831	N0000010279
C4277781	N0000190855
C0039840	N0000000163
C0030350	N0000009915
C0007047	N0000000106
C0246631	N0000175684
C1169997	N0000000114
C1169997	N0000000102
C0016298	N0000000159
C0016298	N0000175450
C0016298	N0000000134
C0025840	N0000000118
C0001443	N0000000228
C0001443	N0000175788
C0028116	N0000000069
C0028116	N0000020065
C0020268	N0000000159
C0020268	N0000175450
C0020268	N0000000134
C2607219	N0000190107
C2607219	N0000175458
C2607219	N0000190108
C2607219	N0000185503
C0116569	N0000009919
C0116569	N0000000161
C0040379	N0000010265
C3656970	N0000175869
C1876200	N0000000137
C4694273	N0000009949
C0075783	N0000000161
C0147942	N0000010258
C0060926	N0000009915
C4519428	N0000193614
C0209211	N0000000194
C0002335	N0000000106
C0282072	N0000175804
C3272698	N0000185503
C3272698	N0000020019
C3272698	N0000182137
C0015837	N0000000160
C5433947	N0000009949
C0039542	N0000009922
C0016229	N0000000193
C0053091	N0000000181
C1533126	N0000000102
C1533126	N0000000109
C0123677	N0000000225
C0016368	N0000000230
C0016368	N0000009915
C0016368	N0000000099
C0016293	N0000000229
C0016293	N0000000074
C0677829	N0000020071
C0055936	N0000000159
C0012551	N0000184141
C0034417	N0000000233
C0035179	N0000000102
C0035179	N0000178333
C0909839	N0000009947
C0663655	N0000009947
C0663655	N0000193954
C0016860	N0000181006
C0249458	N0000020060
C3896829	N0000193544
C4079208	N0000175411
C0028066	N0000000069
C0028066	N0000020065
C0027603	N0000000150
C0525678	N0000175761
C0525678	N0000000184
C0016365	N0000000109
C0065527	N0000000163
C0065527	N0000000220
C0065527	N0000000226
C0006168	N0000000092
C0006168	N0000175448
C0108101	N0000000220
C0108101	N0000020074
C0010927	N0000000236
C0060282	N0000000220
C0086140	N0000000228
C1678805	N0000182960
C0013065	N0000000102
C0013065	N0000000109
C0540694	N0000009947
C5238146	N0000194040
C5238146	N0000010226
C1619962	N0000182150
C1619962	N0000182151
C0015120	N0000000180
C0007257	N0000000236
C4059024	N0000192702
C0022028	N0000000205
C0003166	N0000000233
C0026196	N0000000211
C0017890	N0000000142
C0012265	N0000000133
C0012265	N0000000238
C0063340	N0000020014
C0038143	N0000009915
C0007735	N0000010215
C0109002	N0000009915
C0060234	N0000175356
C0060234	N0000000087
C0288792	N0000000085
C0288792	N0000000254
C0043668	N0000000163
C0013084	N0000000085
C0013084	N0000009915
C0027780	N0000000150
C0060135	N0000009915
C3273754	N0000009957
C3273754	N0000020025
C1176020	N0000020000
C1176020	N0000175076
C0031990	N0000000160
C0004609	N0000000196
C0004609	N0000000116
C0028126	N0000000196
C0028126	N0000000118
C0038702	N0000009946
C0027444	N0000009957
C0020352	N0000000228
C0020352	N0000010288
C4542175	N0000193959
C0057143	N0000000099
C0033429	N0000000180
C0033429	N0000000161
C4682392	N0000175082
C0073983	N0000000160
C0051515	N0000000220
C0051515	N0000000163
C0051515	N0000000226
C0039623	N0000190855
C0008806	N0000020086
C0164608	N0000181005
C0006709	N0000020074
C0004521	N0000009949
C1170000	N0000000231
C3848580	N0000009915
C0026187	N0000000150
C5206403	N0000020027
C0052944	N0000009922
C3464497	N0000010226
C0007012	N0000010257
C0007012	N0000010258
C1455035	N0000175084
C0022154	N0000000184
C0058762	N0000182960
C4726688	N0000020027
C0041165	N0000000150
C0040988	N0000000230
C0965390	N0000175084
C0965390	N0000019994
C4519292	N0000000150
C4519292	N0000185503
C0040976	N0000175472
C0040976	N0000020075
C0013015	N0000175799
C0012022	N0000182728
C0012022	N0000000235
C0076166	N0000000161
C0033493	N0000175684
C0033493	N0000181004
C0026933	N0000000233
C0019469	N0000000196
C0019469	N0000000118
C3502652	N0000000150
C0033399	N0000000230
C0033399	N0000000099
C0020402	N0000000212
C0020402	N0000000233
C1176309	N0000020084
C1176309	N0000175075
C0007738	N0000000133
C0075932	N0000000205
C3818721	N0000190114
C3818721	N0000185504
C3818721	N0000020001
C3818721	N0000175076
C0031923	N0000000104
C0031923	N0000175369
C0071330	N0000020024
C0039468	N0000000196
C0039468	N0000000118
C0070570	N0000009915
C0025611	N0000000114
C0025611	N0000000184
C0025611	N0000000102
C0040805	N0000000190
C0040805	N0000009919
C0040805	N0000000090
C0040805	N0000000109
C0046948	N0000175448
C0013974	N0000009915
C0055723	N0000000181
C0026078	N0000009917
C0026078	N0000000209
C0031184	N0000000230
C0031184	N0000000099
C0032952	N0000000159
C0032952	N0000175450
C0032952	N0000000134
C3640098	N0000000218
C3640098	N0000000205
C2983838	N0000000150
C0090306	N0000000106
C5446780	N0000193981
C5446780	N0000010257
C0041086	N0000010217
C2364481	N0000175968
C0000665	N0000000087
C3886623	N0000190857
C3886623	N0000020001
C0031937	N0000009923
C0031937	N0000000161
C0031937	N0000009924
C4726929	N0000190857
C0068700	N0000000215
C0068700	N0000182728
C1609931	N0000191004
C0286738	N0000190114
C0286738	N0000000246
C0008223	N0000009915
C0529793	N0000020026
C0165703	N0000000181
C0391001	N0000191258
C0391001	N0000000247
C0008241	N0000000191
C0028017	N0000000133
C0528023	N0000000121
C0054668	N0000000085
C0052772	N0000010215
C0016410	N0000000163
C0060692	N0000000100
C0965129	N0000000121
C2607750	N0000000149
C5139845	N0000175082
C5139845	N0000185503
C5139845	N0000190113
C5139845	N0000194026
C0043822	N0000000185
C0032143	N0000000241
C0032143	N0000000089
C0025942	N0000009957
C0025942	N0000020025
C0136123	N0000000181
C1142985	N0000000223
C0012010	N0000000196
C0012010	N0000000118
C0022322	N0000000156
C2000088	N0000009915
C0026651	N0000000163
C3555537	N0000000205
C0765273	N0000000085
C0765273	N0000009915
C0041536	N0000000163
C0002615	N0000000226
C0017245	N0000175375
C1609165	N0000190478
C0914729	N0000175763
C0914729	N0000175764
C0914729	N0000000256
C0007248	N0000009915
C0242531	N0000175703
C0242531	N0000175718
C0042313	N0000000133
C4727630	N0000000247
C0073379	N0000181004
C4053695	N0000020008
C0042291	N0000000138
C0042291	N0000000204
C0060657	N0000009922
C0003420	N0000009915
C0070525	N0000181004
C1700874	N0000175076
C1700874	N0000020000
C0770438	N0000009915
C0961485	N0000011310
C0016855	N0000000184
C0037125	N0000188367
C0007562	N0000000133
C0018988	N0000000133
C3179470	N0000000118
C0027396	N0000000160
C0000981	N0000000235
C0001041	N0000000104
C0001041	N0000175369
C4079854	N0000175082
C0066005	N0000010215
C0246689	N0000000225
C0246689	N0000175448
C0003009	N0000000152
C0128513	N0000175086
C0040341	N0000000150
C0103049	N0000009915
C3818757	N0000175869
C0021971	N0000010257
C0057981	N0000000085
C0039771	N0000000128
C1675326	N0000175436
C0291140	N0000000178
C1690432	N0000187054
C0016295	N0000000190
C0016295	N0000020066
C4726772	N0000193786
C0078049	N0000184009
C0078049	N0000009949
C0032831	N0000009915
C0053155	N0000010215
C0012383	N0000175472
C0903411	N0000009915
C0079594	N0000020068
C0030125	N0000000160
C0030125	N0000009946
C0699481	N0000009915
C0066685	N0000000181
C0936148	N0000009957
C0936148	N0000020025
C0002563	N0000193981
C0002563	N0000000163
C0025029	N0000175653
C0025029	N0000000227
C1099414	N0000000133
C1099414	N0000175458
C0025668	N0000009915
C0007552	N0000000133
C0015824	N0000000069
C0024452	N0000009915
C0024452	N0000009946
C0017861	N0000000075
C0015137	N0000009915
C2348248	N0000000147
C0068897	N0000000116
C0068897	N0000000196
C0016374	N0000000159
C0016374	N0000175450
C0016374	N0000000134
C2699758	N0000175370
C2699758	N0000000125
C0352536	N0000000159
C0352536	N0000175450
C0352536	N0000000134
C0529351	N0000000125
C0011824	N0000000237
C1455147	N0000175076
C0012091	N0000000160
C0030073	N0000191866
C0030073	N0000175684
C0046100	N0000000065
C0076107	N0000000099
C0060389	N0000000126
C0004057	N0000000160
C3713057	N0000009949
C0025376	N0000175684
C0007538	N0000000133
C0028978	N0000000147
C0028978	N0000182140
C0262964	N0000009915
C0377265	N0000009915
C4086010	N0000193972
C0038665	N0000000202
C0066101	N0000000190
C5139729	N0000009915
C0020273	N0000181005
C5446328	N0000175516
C5446328	N0000193793
C5446328	N0000000233
C2717021	N0000193616
C0025629	N0000000118
C0031007	N0000000117
C0018549	N0000009915
C4078709	N0000000231
C4078709	N0000190484
C0245109	N0000175709
C0245109	N0000000133
C0163557	N0000000156
C0163557	N0000188367
C2931926	N0000190857
C2931926	N0000175076
C0050393	N0000000166
C0050393	N0000010274
C0008992	N0000000159
C0008992	N0000175450
C0008992	N0000000134
C1143018	N0000192560
C4301781	N0000182960
C0014025	N0000000181
C0018546	N0000000230
C0031448	N0000000099
C0037167	N0000000254
C0038710	N0000009946
C0040263	N0000009915
C2352806	N0000020010
C0051511	N0000000065
C0047683	N0000000185
C2986924	N0000020000
C2986924	N0000175076
C0050559	N0000190478
C0050559	N0000009915
C0700580	N0000175370
C0700580	N0000000125
C0299792	N0000000203
C0299792	N0000000198
C0029997	N0000000196
C0029997	N0000000118
C0007737	N0000010215
C1313386	N0000000225
C0028403	N0000000209
C0031469	N0000009917
C0031469	N0000000209
C0043474	N0000009947
C0062525	N0000184009
C5432324	N0000010226
C5432324	N0000194037
C0012772	N0000000183
C0301503	N0000184008
C0301503	N0000000135
C0301503	N0000009949
C3713860	N0000192700
C0962603	N0000175857
C0962603	N0000009915
C0068006	N0000181812
C2987603	N0000009949
C2987603	N0000193867
C3640939	N0000193544
C0011707	N0000000159
C0011707	N0000175450
C0011707	N0000000134
C0022516	N0000000082
C0301556	N0000000142
C0055443	N0000000180
C0036071	N0000000160
C0074414	N0000000118
C0074414	N0000000073
C0003641	N0000000169
C0031979	N0000000117
C0879427	N0000020010
C0008402	N0000175365
C0025859	N0000009923
C0025859	N0000000161
C4308025	N0000000205
C4308025	N0000194016
C5418318	N0000000178
C3491331	N0000193279
C3491331	N0000193278
C0007558	N0000000133
C1318649	N0000184143
C0054480	N0000000075
C0042874	N0000000170
C2745017	N0000000085
C0030864	N0000009915
C0257343	N0000009919
C0257343	N0000000099
C0001040	N0000000142
C0028833	N0000000194
C0055008	N0000000133
C0055004	N0000010215
C0060520	N0000010257
C0060520	N0000175533
C0071074	N0000182728
C0216278	N0000000076
C0216278	N0000000107
C0025241	N0000000236
C0031408	N0000000190
C0057605	N0000000190
C0388753	N0000000125
C0062986	N0000010215
C0027353	N0000000176
C0084528	N0000175799
C0084528	N0000000256
C0120726	N0000009915
C0057257	N0000000241
C0010711	N0000000233
C0010711	N0000175074
C0010711	N0000020060
C0034665	N0000000151
C0025854	N0000181005
C1566537	N0000178291
C1566537	N0000020007
C1566537	N0000193542
C4519232	N0000175370
C4519232	N0000000125
C0291216	N0000175862
C1321948	N0000175533
C0053799	N0000009923
C0053799	N0000000161
C0033743	N0000000102
C0033743	N0000000109
C0033603	N0000175981
C0040979	N0000000230
C0040979	N0000000099
C0002475	N0000000233
C0002475	N0000000236
C0038425	N0000000150
C0065295	N0000010215
C0039865	N0000000230
C2698220	N0000000163
C0022181	N0000000177
C0360537	N0000175450
C0140575	N0000000233
C1832027	N0000175078
C0000608	N0000000133
C0006376	N0000181006
C0127615	N0000000160
C0127615	N0000000134
C0030873	N0000175686
C0030873	N0000175685
C0030873	N0000000154
C3272344	N0000000194
C0028426	N0000182148
C0008996	N0000000233
C5227411	N0000010226
C2742503	N0000175078
C0301513	N0000184009
C0060180	N0000000117
C0039245	N0000000177
C2606556	N0000175364
C0008280	N0000009915
C4305843	N0000009915
C0008183	N0000000190
C0070455	N0000000133
C0070455	N0000000224
C0032857	N0000009915
C0051241	N0000000105
C0011279	N0000000196
C0011279	N0000000118
C5238052	N0000193958
C0009011	N0000000196
C0009011	N0000000118
C0042845	N0000000163
C0016377	N0000000160
C0030576	N0000000150
C0025842	N0000000256
C0008947	N0000000150
C0073085	N0000000223
C1872203	N0000000194
C0074554	N0000000121
C0041056	N0000000102
C0041056	N0000000109
C0037707	N0000009923
C0037707	N0000000161
C0037707	N0000009924
C2697961	N0000175076
C0085154	N0000000151
C0165921	N0000175756
C0025760	N0000000230
C0050451	N0000175087
C5392287	N0000010257
C5392287	N0000175862
C0525005	N0000190114
C0525005	N0000000246
C1337242	N0000020081
C0772319	N0000000106
C4519734	N0000191496
C0023726	N0000009915
C4724806	N0000191259
C1172636	N0000000150
C0010582	N0000000125
C0040162	N0000000149
C0008163	N0000000236
C0000946	N0000009923
C0000946	N0000000161
C0022046	N0000000085
C0020197	N0000000163
C0379200	N0000009958
C4042960	N0000191622
C0015528	N0000000231
C4519273	N0000184148
C0055014	N0000000133
C1176316	N0000020026
C5400023	N0000000081
C0008294	N0000181005
C0012472	N0000000106
C1619966	N0000182150
C1619966	N0000182151
C0012228	N0000000160
C0011685	N0000000102
C0011685	N0000000109
C0022642	N0000000190
C4045511	N0000000139
C0014921	N0000000236
C3700399	N0000000154
C0524684	N0000009915
C0142805	N0000175806
C0142805	N0000009915
C0071098	N0000000256
C0071098	N0000009919
C0071098	N0000175799
C0068788	N0000000155
C0060405	N0000000133
C0009025	N0000000196
C0009025	N0000000116
C0076660	N0000000100
C0537670	N0000175968
C0081876	N0000000147
C0066624	N0000000198
C0066624	N0000000256
C0022176	N0000009922
C0118168	N0000000181
C0215717	N0000000107
C0305040	N0000000205
C0034283	N0000000191
C0034283	N0000000111
C0086073	N0000000247
C0086073	N0000175356
C0038878	N0000000160
C0218986	N0000010280
C0218986	N0000000157
C0023610	N0000175654
C0063252	N0000000118
C0063252	N0000000073
C0672708	N0000175071
C0025826	N0000000146
C0030054	N0000000170
C0114872	N0000175703
C0114872	N0000175718
C4045491	N0000009948
C4548369	N0000000133
C0041030	N0000000161
C0071304	N0000000069
C0071304	N0000020065
C2919267	N0000000178
C0002026	N0000175684
C0014987	N0000000118
C0022026	N0000010257
C0022026	N0000010258
C0002502	N0000000238
C0002502	N0000181004
C0048044	N0000000133
C0052416	N0000009915
C0006388	N0000000161
C4508522	N0000193916
C4508522	N0000010226
C0006213	N0000000118
C0162745	N0000000231
C0038666	N0000010215
C4508722	N0000020009
C1142738	N0000020027
C4505511	N0000192798
C5139804	N0000193794
C5139804	N0000193791
C1608295	N0000000180
C0050962	N0000009915
C0050962	N0000175850
C0016343	N0000000233
C3899947	N0000175076
C0034403	N0000020024
C0034403	N0000000133
C2347624	N0000020085
C0002679	N0000009957
C3181682	N0000020001
C3181682	N0000175076
C0672596	N0000175615
C0963398	N0000009947
C0030817	N0000000087
C0031957	N0000000196
C0060277	N0000000220
C0076079	N0000010215
C0060228	N0000000220
C1948068	N0000175071
C0246415	N0000010256
C0246415	N0000000150
C0383429	N0000009949
C0383429	N0000175079
C0043031	N0000175964
C0043031	N0000000164
C0165590	N0000000235
C1955474	N0000009915
C0055147	N0000000190
C0070592	N0000009915
C4519220	N0000193807
C4726677	N0000191258
C0795635	N0000000225
C0016967	N0000000177
C0025033	N0000000236
C4547776	N0000000243
C3490348	N0000187058
C0002645	N0000010215
C0025741	N0000000209
C0025741	N0000009918
C0010961	N0000000146
C2350656	N0000000231
C0025381	N0000000180
C0025887	N0000000180
C0031965	N0000000236
C0017687	N0000010275
C0033308	N0000000185
C0005308	N0000000159
C0005308	N0000175450
C0005308	N0000000134
C0078703	N0000020065
C0012319	N0000000085
C0021735	N0000000247
C0025688	N0000009915
C0025688	N0000000118
C0055573	N0000000108
C4519229	N0000000163
C3489764	N0000191494
C0064870	N0000000190
C0016267	N0000010215
C0074750	N0000009915
C0013615	N0000000177
C1135662	N0000000178
C0027360	N0000000154
C0033487	N0000000118
C0015518	N0000000231
C1698215	N0000175788
C0006400	N0000000108
C0006400	N0000000180
C0165631	N0000000242
C0073999	N0000000160
C0078569	N0000000102
C0078569	N0000000109
C0030815	N0000000230
C0019435	N0000009915
C0032910	N0000000118
C0016375	N0000000196
C0016375	N0000000118
C0304977	N0000009915
C0304977	N0000000065
C0085251	N0000000180
C0072857	N0000000181
C0068485	N0000000102
C0068485	N0000009919
C0068485	N0000000109
C0102139	N0000000178
C4505508	N0000184151
C0007072	N0000000163
C2316164	N0000191622
C0004975	N0000181005
C0041090	N0000000190
C0041031	N0000000190
C0031862	N0000009915
C0025625	N0000000190
C0065972	N0000000190
C0009170	N0000000180
C0009170	N0000000114
C2346801	N0000192335
C0002575	N0000000128
C0771311	N0000009958
C1958126	N0000175912
C0025575	N0000000209
C0025575	N0000009917
C4224790	N0000192702
C1453933	N0000009947
C0064263	N0000000190
C0305062	N0000009949
C0053526	N0000000104
C0014938	N0000000100
C0052946	N0000000190
C1701455	N0000000117
C1667052	N0000175445
C0085176	N0000000191
C0048038	N0000000209
C0048038	N0000009918
C0035525	N0000000133
C0057002	N0000184009
C0387288	N0000010217
C1311253	N0000175869
C0039629	N0000000180
C0052585	N0000020086
C0008287	N0000000225
C0023972	N0000000236
C0076080	N0000000236
C1882138	N0000175078
C0063041	N0000000233
C2742797	N0000175774
C1172734	N0000175774
C0772505	N0000000160
C0015840	N0000009922
C0037524	N0000000205
C0020823	N0000000236
C4683810	N0000020001
C4683810	N0000193934
C0038722	N0000009946
C0037518	N0000009915
C0254119	N0000009915
C0254119	N0000000247
C0016610	N0000000133
C0163025	N0000000125
C0209227	N0000020060
C2982078	N0000193802
C0014964	N0000000233
C0030899	N0000009915
C5238205	N0000193918
C5238205	N0000193953
C0030310	N0000175703
C0030310	N0000175718
C2976303	N0000191258
C2343853	N0000000125
C0020261	N0000181005
C0060400	N0000000133
C0079083	N0000000233
C2606637	N0000185507
C2606637	N0000000127
C2350866	N0000010256
C0673470	N0000175789
C0035527	N0000000163
C0913506	N0000193870
C0913506	N0000175816
C1435444	N0000190114
C1435444	N0000182137
C1435444	N0000000246
C0031392	N0000000184
C0030859	N0000000085
C0018318	N0000009918
C0034235	N0000000177
C0010192	N0000000165
C5421356	N0000000217
C0378366	N0000009963
C0005320	N0000009923
C0005320	N0000000161
C1176308	N0000193178
C0013090	N0000000150
C0003993	N0000000163
C0073374	N0000000233
C0113293	N0000009917
C0113293	N0000009918
C0075503	N0000020025
C0085542	N0000000121
C0085170	N0000000190
C2744440	N0000191622
C0016294	N0000000159
C0063817	N0000010257
C0063817	N0000010258
C0027358	N0000000154
C0063828	N0000010257
C0063828	N0000010258
C0025624	N0000000125
C0025624	N0000000151
C0022267	N0000000245
C0023992	N0000000174
C0023992	N0000175684
C0028094	N0000000069
C0028094	N0000020065
C5419314	N0000193795
C0017797	N0000000142
C1956796	N0000000205
C0037982	N0000011310
C1120106	N0000000133
C0004482	N0000000233
C2974521	N0000190995
C2717561	N0000190484
C0057606	N0000000190
C4055433	N0000191259
C4043101	N0000193950
C0032032	N0000010215
C2756957	N0000020023
C0057558	N0000000185
C0145055	N0000000205
C0037508	N0000009915
C0028356	N0000000185
C0600370	N0000175369
C0070563	N0000000190
C0013547	N0000020025
C0244821	N0000000117
C4078312	N0000020001
C0023660	N0000000180
C0032613	N0000181005
C0772394	N0000009963
C5139890	N0000193542
C0012093	N0000010215
C0008296	N0000009915
C1530889	N0000190990
C0164674	N0000000178
C1565316	N0000000250
C0075262	N0000000196
C0146224	N0000000176
C0526371	N0000175076
C0526371	N0000020000
C1565750	N0000175912
C0030095	N0000000152
C0076840	N0000181006
C0003596	N0000000117
C1099456	N0000000109
C0162680	N0000000205
C0016280	N0000000094
C0012145	N0000000100
C0025729	N0000000075
C0015058	N0000009915
C0039419	N0000000205
C0076784	N0000000128
C0071554	N0000000100
C0014310	N0000020086
C0029994	N0000009915
C0030830	N0000010215
C0005640	N0000000164
C4730996	N0000000243
C4549503	N0000009949
C2000261	N0000175456
C2000261	N0000185499
C0076286	N0000000209
C0015020	N0000000170
C0893383	N0000000205
C0037512	N0000000087
C0285590	N0000000243
C2930696	N0000190857
C0020281	N0000009915
C0030829	N0000010215
C0002640	N0000000105
C0073994	N0000000228
C0007546	N0000000133
C0893761	N0000000180
C4519594	N0000191422
C0009214	N0000175684
C0073631	N0000000160
C0074765	N0000000065
C2343589	N0000175709
C0028157	N0000000133
C0079466	N0000009918
C1998431	N0000000205
C0008281	N0000000190
C0029112	N0000000174
C0126120	N0000000190
C0376637	N0000000246
C0028215	N0000000120
C0032535	N0000000226
C0009074	N0000010265
C0033216	N0000009915
C2698280	N0000020026
C4055478	N0000175082
C0040610	N0000175684
C0982025	N0000000231
C1134467	N0000000163
C0005740	N0000000233
C0032912	N0000000099
C0039943	N0000000230
C0039943	N0000000099
C1571583	N0000009963
C0796545	N0000000247
C0165032	N0000000157
C0006931	N0000000105
C0025696	N0000181005
C0015846	N0000175684
C0042071	N0000000241
C3898565	N0000000236
C0718050	N0000020074
C0055819	N0000000236
C0069805	N0000000125
C0018062	N0000000149
C2587204	N0000009915
C0031978	N0000000125
C3886763	N0000020060
C0102840	N0000009958
C0244404	N0000000168
C0063242	N0000175532
C0281666	N0000000085
C3491162	N0000191730
C0053229	N0000000238
C2698385	N0000175635
C4310440	N0000190111
C0019134	N0000009960
C0019134	N0000009963
C0010980	N0000009946
C2933912	N0000175756
C0053791	N0000000226
C0039644	N0000000150
C0025152	N0000000160
C1684405	N0000175456
C0082966	N0000009915
C0291772	N0000175817
C0062923	N0000000104
C0030520	N0000000149
C2987430	N0000175076
C0965618	N0000182960
C0663241	N0000000150
C0082608	N0000000121
C0724441	N0000000099
C3660996	N0000193341
C0079691	N0000000237
C2973895	N0000020058
C0937916	N0000000106
C0040193	N0000010215
C0024778	N0000000102
C0007541	N0000010215
C0033228	N0000175375
C2717174	N0000192702
C0020740	N0000000160
C0055729	N0000175086
C0054672	N0000000190
C4042342	N0000000158
C0033218	N0000000180
C0072510	N0000000193
C0301374	N0000175370
C0995188	N0000020010
C1145610	N0000175089
C0079856	N0000000180
C0002697	N0000000128
C0025631	N0000000235
C0298067	N0000009915
C0035891	N0000000150
C0065162	N0000020086
C1723401	N0000182636
C3644500	N0000175076
C0771840	N0000000117
C0083858	N0000182636
C0724555	N0000000109
C2343849	N0000009963
C3892871	N0000000202
C0027607	N0000000150
C0887128	N0000000230
C0887128	N0000175799
C0117996	N0000175450
C0117996	N0000000159
C0700496	N0000000163
C5390016	N0000010226
C0724543	N0000020074
C3468008	N0000020001
C0025368	N0000000069
C0059562	N0000000150
C0546866	N0000000150
C0674432	N0000000246
C0674432	N0000185503
C0674432	N0000190114
C0674432	N0000190107
C0137997	N0000000202
C4762343	N0000181003
C3539953	N0000000127
C0700596	N0000175654
C0700596	N0000000255
C0380447	N0000000083
C4524505	N0000191622
C1883054	N0000000220
C1883054	N0000010288
C0772181	N0000000100
C2979805	N0000000231
C1714000	N0000175862
C1310734	N0000000090
C0245531	N0000009922
C3864832	N0000182636
C0305058	N0000184008
C0305058	N0000009949
C0006050	N0000175770
C0006050	N0000009955
C0134258	N0000009917
C0134258	N0000009918
C0134258	N0000009922
C0134258	N0000009921
C1653590	N0000000154
C1685365	N0000191546
C1571574	N0000000168
C0724624	N0000000228
C2723461	N0000191262
C0355800	N0000000154
C2732002	N0000000231
C0007300	N0000000180
C0752310	N0000009918
C0752310	N0000009917
C0771293	N0000000235
C0770893	N0000000225
C0004906	N0000175450
C0004906	N0000000159
C0087000	N0000000142
C0966500	N0000000231
C5419289	N0000175082
C0282471	N0000000107
C0282471	N0000000231
C0282471	N0000000169
C0282471	N0000175635
C5227756	N0000020009
C2698221	N0000000163
C1307126	N0000000231
C0886642	N0000000109
C3864831	N0000182636
C5545149	N0000000076
C0724622	N0000000220
C0724622	N0000000226
C0724622	N0000000163
C0282388	N0000020088
C0282388	N0000000176
C0596007	N0000000133
C0596007	N0000000065
C0066814	N0000175684
C0066814	N0000191866
C0006809	N0000009915
C1700730	N0000185503
C1700730	N0000182141
C1700730	N0000010262
C1700730	N0000190113
C0700603	N0000000134
C0700603	N0000175450
C0700603	N0000000159
C4079582	N0000185503
C4079582	N0000190113
C4079582	N0000190109
C4079582	N0000190108
C4079582	N0000190107
C2702333	N0000184008
C0003765	N0000000142
C3154850	N0000009948
C0350422	N0000000109
C0350422	N0000181819
C0350422	N0000182147
C0246203	N0000000121
C0700536	N0000000209
C0700536	N0000000245
C0700536	N0000009921
C0700536	N0000009922
C0031470	N0000000209
C0031470	N0000009917
C0061673	N0000009949
C0126791	N0000000220
C0126791	N0000000226
C0126791	N0000000163
C1505020	N0000000102
C1505020	N0000000109
C0024340	N0000000142
C0527379	N0000180999
C0527379	N0000000070
C2369149	N0000009915
C0072225	N0000000079
C0059623	N0000000100
C3644419	N0000009922
C3818973	N0000181818
C3495437	N0000000142
C1099776	N0000009947
C1170741	N0000000102
C0071839	N0000000134
C0071839	N0000175450
C0071839	N0000000159
C5139819	N0000000106
C2697593	N0000000170
C1137102	N0000019993
C1137102	N0000175654
C0770560	N0000000134
C0770560	N0000175450
C0770560	N0000000159
C0060934	N0000175862
C1966407	N0000000127
C0795650	N0000000147
C5390773	N0000010226
C1579393	N0000009922
C0700545	N0000000114
C0700545	N0000000102
C0053523	N0000000134
C0053523	N0000175450
C0053523	N0000000159
C0016157	N0000175546
C0016157	N0000009915
C0771825	N0000019993
C0771825	N0000175654
C0001898	N0000000142
C0282123	N0000020088
C0282123	N0000020060
C0282123	N0000000176
C4726799	N0000191622
C1321598	N0000000163
C0282274	N0000175684
C0771046	N0000020086
C0771046	N0000020087
C0700463	N0000010215
C0521900	N0000010215
C0700582	N0000020088
C0700582	N0000000135
C0700582	N0000000176
C0024339	N0000000142
C0010977	N0000000069
C0086999	N0000000142
C0700533	N0000175684
C0700533	N0000191866
C0004015	N0000000142
C3530515	N0000000133
C0701445	N0000000154
C0701445	N0000175686
C0701445	N0000175685
C0017734	N0000000228
C0037567	N0000000138
C0037567	N0000000204
C0027680	N0000000177
C0042671	N0000010256
C0039607	N0000000146
C0032478	N0000175532
C0037513	N0000009960
C0037513	N0000009963
C0066700	N0000000134
C0066700	N0000175450
C0066700	N0000000159
C1165353	N0000000228
C0028333	N0000000209
C0028333	N0000009921
C0589978	N0000000102
C0589978	N0000000109
C0530105	N0000175718
C0530105	N0000175703
C3247907	N0000190857
C0700563	N0000000102
C0700563	N0000000114
C0700563	N0000000109
C0700563	N0000182137
C0600526	N0000000109
C0286650	N0000000121
C0795582	N0000000150
C0066282	N0000000160
C0066282	N0000000108
C2344297	N0000182636
C0771735	N0000009918
C0065864	N0000000185
C0772326	N0000182143
C4058810	N0000185506
C4058810	N0000175082
C4058810	N0000191266
C4058810	N0000190114
C4058810	N0000190113
C0771414	N0000000194
C3463896	N0000000121
C0771488	N0000000233
C0771488	N0000175074
C4059057	N0000175076
C0354468	N0000000069
C0354468	N0000020065
C0770150	N0000000069
C0770150	N0000020065
C0078375	N0000000170
C0724680	N0000000099
C0724680	N0000000230
C0724680	N0000000190
C0724680	N0000000130
C0724696	N0000000236
C0724696	N0000000220
C0724696	N0000000226
C0700465	N0000000161
C0700465	N0000000180
C1321643	N0000000190
C1615645	N0000000184
C1615645	N0000175761
C0062527	N0000000082
C4519536	N0000182638
C4519536	N0000185503
C4519536	N0000182138
C4519536	N0000191272
C4519536	N0000190114
C4519536	N0000190113
C4519536	N0000190108
C4519536	N0000190107
C4507236	N0000182638
C4507236	N0000185503
C4507236	N0000190113
C4507236	N0000190108
C4507236	N0000190107
C4723584	N0000000098
C4723584	N0000000150
C4723584	N0000000111
C4723584	N0000000191
C4551052	N0000009947
C0102130	N0000009919
C0058733	N0000000190
C0058733	N0000000207
C0700453	N0000009922
C0949312	N0000000177
C4033447	N0000191727
C1880492	N0000175968
C1880492	N0000191277
C1880492	N0000191273
C1880492	N0000191274
C1880492	N0000191278
C1880492	N0000191276
C1880492	N0000191272
C1880492	N0000191275
C1880492	N0000190113
C1880492	N0000190107
C4519542	N0000175082
C0700492	N0000180999
C0700492	N0000000070
C2344295	N0000182636
C4059915	N0000020001
C0055881	N0000000150
C4033441	N0000010226
C4058841	N0000009947
C5390015	N0000010226
C3896946	N0000020000
C5238091	N0000181815
C4318037	N0000175082
C0282355	N0000000202
C4056442	N0000191869
C3859491	N0000020023
C1375516	N0000000082
C0872997	N0000175084
C0872997	N0000000141
C2826076	N0000000231
C0076188	N0000000146
C0137440	N0000000190
C1529800	N0000175364
C0055895	N0000000134
C0055895	N0000175450
C0055895	N0000000159
C0282052	N0000010215
C0700579	N0000000069
C0700579	N0000020065
C1337395	N0000000233
C0244718	N0000000181
C4719544	N0000175546
C5235398	N0000175617
C5235398	N0000009949
C5235398	N0000191502
C0771907	N0000000128
C0282198	N0000009915
C0771929	N0000000147
C0037487	N0000175532
C0304411	N0000175370
C0304411	N0000000125
C0113286	N0000000134
C0113286	N0000175450
C0113286	N0000000159
C2350089	N0000175684
C0700474	N0000000121
C0087093	N0000000161
C0087093	N0000009924
C0087093	N0000009923
C0282131	N0000000160
C1170745	N0000000133
C1881339	N0000000133
C1881339	N0000000203
C0282104	N0000020086
C0282104	N0000020087
C1725651	N0000000246
C0037732	N0000000082
C0037732	N0000175374
C0032479	N0000009915
C0939537	N0000175076
C0939537	N0000020009
C2987007	N0000175076
C2720023	N0000000121
C0770920	N0000000181
C0042338	N0000000082
C0042680	N0000010256
C0026186	N0000000150
C0546861	N0000020088
C0546861	N0000000176
C0770456	N0000000104
C0770456	N0000175369
C2826354	N0000175075
C0700548	N0000000161
C0700548	N0000009923
C0015689	N0000175546
C0015689	N0000009915
C4083872	N0000000231
C0770649	N0000000133
C0543495	N0000009922
C1882305	N0000020030
C1882305	N0000020007
C0304925	N0000010288
C0304925	N0000000228
C0700473	N0000000109
C0772139	N0000000236
C0043491	N0000000065
C1260199	N0000020081
C5557360	N0000175082
C0754517	N0000020086
C0754517	N0000020087
C1700685	N0000175076
C1700685	N0000020000
C3661518	N0000000125
C4519537	N0000185503
C4519537	N0000182138
C4519537	N0000191272
C4519537	N0000190113
C4519537	N0000190114
C4519537	N0000190108
C4519537	N0000190107
C3644554	N0000175411
C0771200	N0000000102
C0771200	N0000000109
C0772384	N0000000220
C0772384	N0000000226
C0772384	N0000000163
C1099664	N0000000107
C0001714	N0000000226
C0079589	N0000000168
C2987642	N0000020000
C4528198	N0000175082
C0209368	N0000000133
C0209368	N0000000233
C0040866	N0000000134
C0040866	N0000175450
C0040866	N0000000159
C0213771	N0000175370
C0213771	N0000000125
C5578549	N0000000170
C0142874	N0000000220
C0142874	N0000000226
C0041485	N0000000142
C0356588	N0000009958
C2608038	N0000010256
C0771774	N0000000099
C0771774	N0000009919
C3864830	N0000182636
C2697950	N0000009915
C1880412	N0000009915
C0724515	N0000009947
C1101751	N0000000121
C0771892	N0000000190
C0253907	N0000000146
C3273321	N0000020001
C3273321	N0000175076
C4325236	N0000000154
C4325236	N0000191866
C0700583	N0000000160
C0594375	N0000000176
C5390017	N0000000118
C0304430	N0000000209
C0304430	N0000000245
C4257011	N0000000231
C0546864	N0000175684
C0388087	N0000181815
C0086620	N0000020025
C0086620	N0000009957
C0543476	N0000000090
C0543476	N0000175817
C2920417	N0000009922
C4726574	N0000000147
C0016006	N0000000231
C1725449	N0000000181
C0060578	N0000000230
C0060578	N0000175799
C0060578	N0000009919
C0068395	N0000000146
C0060483	N0000000233
C0060483	N0000175074
C0770891	N0000000230
C0770891	N0000175799
C0770891	N0000009919
C0733380	N0000000109
C0076195	N0000000146
C0546857	N0000000190
C2719626	N0000009915
C3667607	N0000000090
C3667607	N0000000109
C0724700	N0000000202
C0939539	N0000000099
C0939539	N0000000230
C0939539	N0000000190
C0939539	N0000000130
C4529301	N0000178291
C4529301	N0000020007
C0772415	N0000000177
C2607886	N0000182632
C0700482	N0000009958
C0740235	N0000000193
C0063077	N0000000134
C0063077	N0000175450
C0063077	N0000000159
C0700468	N0000000069
C0700468	N0000020065
C0377401	N0000000233
C0377401	N0000010256
C0032140	N0000000089
C1170746	N0000000109
C0282321	N0000000161
C0282321	N0000009923
C0282321	N0000009924
C0699440	N0000000161
C0699440	N0000009924
C0699440	N0000009923
C0699440	N0000009919
C2987431	N0000190857
C0936142	N0000000098
C0936142	N0000000150
C0936142	N0000000191
C0765538	N0000000160
C0795575	N0000000231
C0077770	N0000000099
C0077770	N0000009919
C0700476	N0000175654
C0700476	N0000000255
C0724725	N0000000116
C0724725	N0000000118
C0724725	N0000000196
C0086135	N0000000165
C1576821	N0000020027
C0724693	N0000020026
C0077768	N0000000209
C0077768	N0000009918
C0061472	N0000000142
C0600099	N0000175686
C0600099	N0000175685
C0600099	N0000000174
C1576847	N0000020074
C4281713	N0000175532
C0237406	N0000000117
C0039543	N0000009922
C0700346	N0000000231
C2315887	N0000010262
C0771469	N0000009922
C0073115	N0000000170
C0073115	N0000000163
C1721288	N0000020074
C2698057	N0000175912
C1667080	N0000175912
C0700483	N0000000246
C2709766	N0000020023
C2709770	N0000020023
C2709778	N0000020023
C2709742	N0000020023
C2709748	N0000020023
C2709752	N0000020023
C2709760	N0000020023
C1879678	N0000000181
C1879678	N0000175899
C0732569	N0000000147
C0354599	N0000000076
C0354599	N0000000107
C0304431	N0000000209
C0304431	N0000000245
C0700527	N0000000133
C0935942	N0000020027
C0700450	N0000000245
C0700450	N0000009921
C1533491	N0000020010
C0055361	N0000000065
C0546863	N0000000233
C0771375	N0000000150
C0771375	N0000010256
C0006675	N0000020074
C0073226	N0000000163
C0937622	N0000000147
C0012694	N0000000247
C0012694	N0000175356
C0138038	N0000000220
C0138038	N0000000226
C1165377	N0000000220
C1165377	N0000010288
C0887557	N0000000170
C0887557	N0000000163
C0969677	N0000000170
C0872908	N0000175436
C0886549	N0000000176
C1176383	N0000000246
C1996349	N0000190482
C0771848	N0000000177
C2719771	N0000175912
C0077408	N0000000125
C0004963	N0000000190
C0068980	N0000000185
C0546869	N0000000180
C1337241	N0000000147
C0770382	N0000000082
C0770382	N0000000180
C0068724	N0000000163
C2700334	N0000009958
C0086159	N0000000209
C0086159	N0000000130
C0070108	N0000175684
C0070108	N0000191866
C2719618	N0000009915
C0700478	N0000000090
C0700478	N0000175817
C3529078	N0000000194
C2756584	N0000175816
C1711887	N0000175702
C0025179	N0000000133
C0065879	N0000000185
C0065879	N0000000145
C0087162	N0000000163
C0030342	N0000000163
C0982111	N0000000142
C0982111	N0000000163
C3474322	N0000184009
C0282227	N0000000190
C0282227	N0000000125
C0036444	N0000175370
C0036444	N0000000190
C0036444	N0000000130
C0036444	N0000000125
C0771827	N0000175684
C0006982	N0000000133
C0006982	N0000175755
C0006982	N0000000203
C3661274	N0000175370
C3661274	N0000000125
C4018766	N0000000098
C4018766	N0000000150
C4018766	N0000000191
C0770917	N0000000181
C0795660	N0000175377
C0795660	N0000175375
C0795660	N0000000225
C0037536	N0000000231
C0037536	N0000010215
C0724672	N0000010288
C0724672	N0000009915
C2827242	N0000185503
C2827242	N0000182141
C2827242	N0000186778
C0872994	N0000000181
C0039418	N0000000205
C0700532	N0000000099
C0700532	N0000000209
C0700532	N0000000130
C0700532	N0000190114
C0771004	N0000000190
C2710874	N0000175684
C2710874	N0000000174
C0108136	N0000020074
C1522690	N0000020088
C1522690	N0000000176
C0886883	N0000000138
C0886883	N0000000204
C0354594	N0000000106
C0166025	N0000009958
C1676709	N0000175082
C0282356	N0000009946
C0282259	N0000000209
C1657537	N0000000228
C0282330	N0000000190
C0725616	N0000000236
C0725616	N0000175833
C0725616	N0000175834
C0725616	N0000175089
C0725616	N0000175534
C1509436	N0000000125
C0125988	N0000009915
C0037521	N0000000065
C0037521	N0000009915
C0771019	N0000000109
C0872972	N0000175375
C0872972	N0000175377
C0872972	N0000000225
C3892852	N0000185503
C3892852	N0000190113
C3892852	N0000190108
C3892852	N0000190107
C0282221	N0000175684
C0282221	N0000000174
C0017449	N0000000150
C0132776	N0000000079
C3529563	N0000000231
C0596005	N0000000125
C0304441	N0000000128
C0700541	N0000000117
C0700541	N0000020014
C0001636	N0000000245
C0001636	N0000000209
C0001636	N0000009922
C0001636	N0000009921
C0037540	N0000010215
C0139449	N0000000080
C0949359	N0000000098
C0949359	N0000000111
C0949359	N0000000191
C0079829	N0000175369
C1095803	N0000000105
C2242158	N0000184009
C2242160	N0000184009
C3851350	N0000185503
C3851350	N0000190113
C0004754	N0000010258
C0004754	N0000010257
C3540733	N0000000147
C3852670	N0000191272
C3864824	N0000182638
C3864824	N0000185503
C3864824	N0000191272
C3864824	N0000190113
C3864824	N0000190108
C3864824	N0000190107
C3883272	N0000191258
C0772294	N0000000190
C0772294	N0000000209
C3256930	N0000000220
C3256930	N0000010288
C0991847	N0000000220
C0991847	N0000000226
C0991847	N0000000163
C0209453	N0000175862
C0056519	N0000009915
C0078373	N0000000170
C0770309	N0000000163
C0541154	N0000175365
C0057598	N0000000134
C0057598	N0000175450
C0057598	N0000000159
C0937858	N0000010259
C0205808	N0000010258
C0205808	N0000010257
C0205807	N0000010257
C0205807	N0000010258
C2697942	N0000185009
C1960918	N0000020026
C0148485	N0000000209
C2697594	N0000000170
C3555622	N0000187058
C1965895	N0000000163
C3852726	N0000000133
C0054436	N0000000133
C1323100	N0000000170
C0076404	N0000000163
C2683417	N0000182143
C2930762	N0000000150
C0282181	N0000000190
C0282181	N0000020066
C5135596	N0000010226
C0770325	N0000175472
C1141639	N0000000149
C4064080	N0000000231
C2344347	N0000010226
C1572489	N0000000220
C1572489	N0000000226
C1572489	N0000000163
C2700331	N0000000220
C2700331	N0000000226
C2700331	N0000000163
C4490395	N0000010226
C4256803	N0000010226
C4033637	N0000010226
C0134394	N0000000125
C0008199	N0000000065
C4490394	N0000010226
C2242156	N0000184009
C4058574	N0000000117
C4058574	N0000000198
C4535390	N0000000247
C4535390	N0000175446
C0700445	N0000000133
C0004954	N0000000125
C4507568	N0000009947
C4490726	N0000009947
C3872080	N0000000194
C4083099	N0000175076
C4083099	N0000020009
C0994472	N0000000170
C3872026	N0000000133
C0037548	N0000000163
C3489748	N0000000202
C0110462	N0000000226
C0062103	N0000000230
C3272699	N0000185503
C3272699	N0000182137
C3272699	N0000020019
C0724579	N0000000107
C0724579	N0000000231
C0724579	N0000000169
C0724579	N0000175635
C0595331	N0000000069
C0724635	N0000000220
C0724635	N0000010288
C0771561	N0000000163
C0110038	N0000000202
C0055860	N0000000202
C3642425	N0000175448
C3642425	N0000185504
C3642425	N0000182138
C3642425	N0000182139
C3642425	N0000182140
C3642425	N0000182137
C3642425	N0000175760
C3642425	N0000175761
C3642425	N0000000224
C3642425	N0000190115
C0592789	N0000020015
C0592789	N0000000118
C5207169	N0000000150
C0724570	N0000000220
C0022939	N0000009915
C5422688	N0000010226
C5422689	N0000010226
C4763385	N0000175078
C4763385	N0000175617
C4511278	N0000010215
C0282395	N0000175513
C4726670	N0000000202
C5455243	N0000175654
C5455243	N0000000255
C5418242	N0000175078
C5418242	N0000175617
C5139904	N0000009949
C5139904	N0000192798
C5418278	N0000020001
C5418278	N0000190857
C5221242	N0000000133
C5419330	N0000000152
C5419330	N0000175617
C0304965	N0000009915
C5207636	N0000175472
C5554559	N0000185503
C5554559	N0000182140
C5554559	N0000193934
C5554559	N0000187062
C5554559	N0000190114
C5554559	N0000190113
C5667166	N0000175617
C5418281	N0000175078
C5418281	N0000175617
C4476176	N0000190855
C5670506	N0000193860
C4682387	N0000193933
C5242453	N0000193950
C4691680	N0000010262
C5850364	N0000190857
C5419304	N0000193792
C3640966	N0000020031
C3640966	N0000020032
C3640966	N0000020007
C3640966	N0000020033
C3497849	N0000020001
C4279743	N0000185007
C5421024	N0000175084
C5421141	N0000193793
C5238084	N0000000127
C4524909	N0000020000
C4524909	N0000194093
C4033624	N0000010226
C4535717	N0000000102
C4535717	N0000193789
C5670522	N0000175974
C0772463	N0000020074
C0771988	N0000020015
C0724623	N0000175862
C0595398	N0000000160
C0595398	N0000000134
C1120952	N0000000185
C0066529	N0000000102
C0066529	N0000000109
C0068992	N0000000185
C0733367	N0000000133
C0700480	N0000000190
C0937926	N0000000233
C0937926	N0000020060
C0772203	N0000180999
C0772203	N0000000070
C0771752	N0000000190
C0126177	N0000000134
C0126177	N0000175450
C0126177	N0000000159
C0068722	N0000000143
C0068722	N0000175701
C0874063	N0000000104
C0005739	N0000000233
C0772450	N0000000133
C0772450	N0000000233
C0724597	N0000175654
C0721688	N0000020015
C0721688	N0000175684
C0721688	N0000000174
C1742884	N0000000102
C1742884	N0000000109
C1504917	N0000020008
C0947608	N0000000082
C0700452	N0000000181
C0064326	N0000000160
C0304426	N0000000245
C0304426	N0000000209
C0543473	N0000000161
C0543473	N0000009923
C0771029	N0000009957
C3495434	N0000010288
C0543450	N0000000161
C0543450	N0000009923
C0543450	N0000009924
C1714006	N0000175684
C0887700	N0000000220
C0887700	N0000000226
C2726929	N0000000099
C2726929	N0000000230
C2726929	N0000000190
C2726929	N0000000130
C2726929	N0000000161
C2726929	N0000000074
C2726929	N0000000125
C0939895	N0000000082
C0724692	N0000000102
C0376218	N0000000164
C0107211	N0000000160
C0771903	N0000009915
C0873119	N0000000180
C2343854	N0000000125
C0887551	N0000010215
C0033602	N0000175981
C0033602	N0000000226
C0700606	N0000000161
C0700606	N0000009919
C0771896	N0000020025
C0771896	N0000009957
